월소득,초기자금,가족수,주용도,연료선호,운전경력,거주지역,추천차종
437,628,6,출퇴근,상관없음,1년미만,도심,아반떼_가솔린
697,1535,4,업무,전기,3년이상,도심,G80_전기
340,2484,5,업무,하이브리드,3년이상,지방,K8_하이브리드
603,2338,5,레저,상관없음,1~3년,도심,팰리세이드_가솔린
339,3072,3,업무,하이브리드,1~3년,도심,쏘나타_하이브리드
714,1963,5,가족용,전기,1~3년,도심,G80_전기
688,2474,6,가족용,하이브리드,1~3년,지방,산타페_하이브리드
211,3950,6,출퇴근,하이브리드,1~3년,지방,K8_하이브리드
302,2661,5,가족용,가솔린,1년미만,도심,산타페_가솔린
592,3888,5,출퇴근,하이브리드,1~3년,도심,그랜저_하이브리드
608,4145,3,출퇴근,가솔린,3년이상,도심,G80_가솔린
752,3788,3,업무,가솔린,3년이상,도심,G80_가솔린
416,1588,2,업무,상관없음,1~3년,도심,코나_전기
453,1686,5,레저,상관없음,1~3년,지방,팰리세이드_가솔린
580,1467,4,업무,하이브리드,1년미만,도심,아반떼_하이브리드
335,1457,4,레저,가솔린,3년이상,지방,스포티지_가솔린
691,2385,6,가족용,디젤,3년이상,도심,스포티지_디젤
283,1038,3,레저,디젤,3년이상,지방,코나_가솔린
237,3979,4,가족용,하이브리드,1년미만,지방,산타페_하이브리드
789,2426,5,레저,가솔린,1년미만,도심,코나_가솔린
355,4894,2,가족용,상관없음,3년이상,지방,산타페_가솔린
700,1002,6,레저,하이브리드,1년미만,도심,산타페_하이브리드
794,901,4,업무,가솔린,1~3년,지방,쏘나타_가솔린
338,1179,6,가족용,전기,3년이상,도심,EV6_전기
704,4066,5,레저,하이브리드,3년이상,지방,팰리세이드_하이브리드
390,1354,4,출퇴근,가솔린,1~3년,지방,쏘나타_가솔린
313,948,3,출퇴근,상관없음,1~3년,도심,K5_가솔린
485,1957,6,레저,하이브리드,1~3년,도심,팰리세이드_하이브리드
240,2318,3,가족용,하이브리드,1년미만,지방,스포티지_하이브리드
304,1587,4,가족용,가솔린,1년미만,지방,스포티지_가솔린
455,5109,5,업무,전기,3년이상,도심,G80_전기
783,2390,6,레저,가솔린,1~3년,지방,팰리세이드_가솔린
265,2536,5,가족용,전기,1~3년,도심,EV6_전기
187,3178,5,출퇴근,전기,1~3년,도심,EV6_전기
244,3927,6,업무,하이브리드,3년이상,지방,K8_하이브리드
790,349,3,업무,하이브리드,1년미만,도심,아반떼_하이브리드
207,3850,6,업무,가솔린,3년이상,지방,K8_가솔린
155,2397,1,업무,가솔린,3년이상,도심,아반떼_가솔린
133,2565,3,레저,전기,1~3년,도심,셀토스_가솔린
618,3634,3,업무,가솔린,3년이상,지방,G80_가솔린
330,2026,4,출퇴근,하이브리드,1~3년,도심,K5_하이브리드
269,4918,3,업무,가솔린,1~3년,도심,쏘나타_가솔린
588,1869,6,레저,가솔린,1~3년,도심,팰리세이드_가솔린
453,1374,5,업무,하이브리드,1~3년,도심,K8_하이브리드
394,375,1,가족용,가솔린,1~3년,지방,스포티지_가솔린
300,1000,4,출퇴근,디젤,1~3년,도심,K5_가솔린
489,1509,6,업무,하이브리드,3년이상,도심,그랜저_하이브리드
517,1476,1,업무,가솔린,1~3년,지방,아반떼_가솔린
384,1560,2,가족용,하이브리드,3년이상,도심,K5_하이브리드
361,877,2,가족용,상관없음,3년이상,도심,스포티지_가솔린
384,2908,6,가족용,하이브리드,3년이상,지방,팰리세이드_하이브리드
320,1683,2,가족용,하이브리드,3년이상,도심,K5_하이브리드
242,2166,6,가족용,전기,1년미만,도심,스포티지_가솔린
329,2070,4,출퇴근,하이브리드,3년이상,도심,K5_하이브리드
618,4134,2,출퇴근,가솔린,3년이상,지방,G80_가솔린
234,2595,3,가족용,가솔린,1년미만,도심,스포티지_가솔린
406,2856,1,출퇴근,가솔린,1년미만,도심,아반떼_가솔린
133,2930,3,레저,전기,3년이상,도심,셀토스_가솔린
506,1383,3,출퇴근,하이브리드,1~3년,도심,쏘나타_하이브리드
319,1995,3,레저,가솔린,1년미만,지방,코나_가솔린
795,945,5,출퇴근,하이브리드,1~3년,지방,그랜저_하이브리드
185,1860,3,레저,상관없음,3년이상,지방,셀토스_가솔린
499,3967,6,레저,전기,3년이상,도심,G80_전기
453,4882,5,레저,전기,3년이상,도심,G80_전기
795,2374,3,업무,전기,1~3년,도심,G80_전기
801,1643,6,출퇴근,디젤,3년이상,지방,스포티지_디젤
448,962,5,업무,가솔린,3년이상,도심,K8_가솔린
134,4153,5,레저,상관없음,1년미만,지방,셀토스_가솔린
583,1549,6,출퇴근,하이브리드,1~3년,도심,그랜저_하이브리드
681,3738,6,가족용,가솔린,3년이상,지방,GV80_가솔린
197,4887,5,레저,상관없음,3년이상,도심,팰리세이드_하이브리드
412,1862,2,레저,하이브리드,1~3년,도심,산타페_하이브리드
306,1058,5,출퇴근,전기,3년이상,지방,K5_가솔린
739,4308,5,레저,가솔린,3년이상,지방,GV80_가솔린
334,1015,3,레저,전기,3년이상,도심,스포티지_가솔린
612,5009,6,업무,디젤,3년이상,지방,스포티지_디젤
460,2686,5,가족용,전기,1~3년,도심,아이오닉6_전기
810,5005,5,레저,가솔린,3년이상,도심,팰리세이드_가솔린
449,1483,6,출퇴근,전기,3년이상,도심,아이오닉6_전기
206,4823,1,가족용,전기,1년미만,도심,코나_전기
626,4173,2,출퇴근,가솔린,3년이상,지방,G80_가솔린
419,3930,5,레저,가솔린,3년이상,도심,팰리세이드_가솔린
436,2914,6,출퇴근,가솔린,1~3년,도심,그랜저_가솔린
697,990,3,레저,가솔린,1~3년,지방,산타페_가솔린
768,4049,4,레저,가솔린,3년이상,지방,GV80_가솔린
720,3398,1,업무,가솔린,3년이상,도심,G80_가솔린
603,1069,5,출퇴근,디젤,1~3년,도심,스포티지_디젤
404,5035,1,출퇴근,하이브리드,3년이상,지방,아반떼_하이브리드
183,2389,6,출퇴근,전기,1~3년,도심,K5_가솔린
509,519,2,레저,전기,1년미만,지방,코나_전기
366,3826,3,출퇴근,가솔린,3년이상,지방,그랜저_가솔린
609,823,5,업무,상관없음,1~3년,지방,그랜저_가솔린
294,1603,6,가족용,전기,3년이상,지방,스포티지_가솔린
509,3887,3,레저,전기,3년이상,도심,코나_전기
315,2553,5,업무,하이브리드,3년이상,지방,K8_하이브리드
264,2354,5,가족용,전기,1~3년,지방,스포티지_가솔린
380,1441,5,출퇴근,디젤,1년미만,도심,스포티지_디젤
816,641,3,레저,하이브리드,1년미만,도심,산타페_하이브리드
690,2379,6,업무,하이브리드,1~3년,도심,그랜저_하이브리드
504,1023,6,업무,하이브리드,3년이상,지방,그랜저_하이브리드
589,5130,4,출퇴근,상관없음,1년미만,도심,아반떼_가솔린
583,4928,5,레저,하이브리드,3년이상,도심,팰리세이드_하이브리드
130,2627,3,레저,디젤,3년이상,도심,셀토스_가솔린
816,4194,5,업무,하이브리드,1~3년,지방,그랜저_하이브리드
316,2593,6,출퇴근,하이브리드,1~3년,지방,K8_하이브리드
188,2983,6,레저,하이브리드,1~3년,지방,스포티지_하이브리드
169,2056,2,레저,상관없음,3년이상,도심,셀토스_가솔린
186,1439,3,레저,전기,1년미만,지방,아반떼_가솔린
581,542,2,레저,상관없음,1년미만,도심,코나_전기
217,1852,6,가족용,상관없음,1년미만,도심,아반떼_가솔린
449,2065,6,출퇴근,하이브리드,3년이상,도심,그랜저_하이브리드
270,2941,6,가족용,전기,1~3년,도심,아이오닉6_전기
234,4888,6,업무,가솔린,3년이상,지방,그랜저_가솔린
365,616,5,가족용,전기,1~3년,지방,스포티지_가솔린
601,525,3,가족용,가솔린,1년미만,지방,산타페_가솔린
791,520,4,출퇴근,전기,3년이상,지방,G80_전기
430,1184,5,출퇴근,가솔린,3년이상,지방,K8_가솔린
492,505,6,출퇴근,가솔린,1~3년,도심,K8_가솔린
293,1114,2,레저,하이브리드,1~3년,도심,아반떼_하이브리드
619,1658,4,업무,하이브리드,3년이상,지방,쏘나타_하이브리드
377,1827,4,출퇴근,하이브리드,1~3년,도심,K5_하이브리드
351,2803,2,레저,상관없음,3년이상,지방,코나_가솔린
598,1389,6,레저,하이브리드,1년미만,도심,산타페_하이브리드
784,1643,5,레저,가솔린,3년이상,지방,팰리세이드_가솔린
790,3736,2,업무,가솔린,3년이상,지방,G80_가솔린
206,2604,3,가족용,전기,3년이상,지방,스포티지_가솔린
249,1096,1,레저,전기,3년이상,도심,셀토스_가솔린
700,4156,5,가족용,가솔린,3년이상,지방,팰리세이드_가솔린
395,1576,5,출퇴근,하이브리드,3년이상,도심,K8_하이브리드
794,2906,5,업무,하이브리드,3년이상,지방,그랜저_하이브리드
400,1512,5,출퇴근,상관없음,1~3년,지방,K8_하이브리드
362,1199,3,가족용,하이브리드,3년이상,지방,스포티지_하이브리드
320,2822,1,레저,하이브리드,1~3년,도심,산타페_하이브리드
803,1498,4,업무,하이브리드,1년미만,도심,아반떼_하이브리드
615,4407,4,레저,가솔린,3년이상,지방,GV80_가솔린
132,3187,1,레저,가솔린,1~3년,지방,셀토스_가솔린
384,1989,3,레저,디젤,3년이상,지방,스포티지_디젤
357,4881,5,가족용,상관없음,1년미만,지방,산타페_가솔린
410,1024,6,업무,전기,1년미만,지방,코나_전기
389,4016,5,레저,하이브리드,1~3년,도심,팰리세이드_하이브리드
582,3867,6,업무,전기,1~3년,지방,G80_전기
343,1876,3,출퇴근,하이브리드,1~3년,지방,쏘나타_하이브리드
613,4530,5,레저,가솔린,3년이상,지방,GV80_가솔린
230,5053,6,출퇴근,전기,1~3년,도심,아이오닉6_전기
616,2142,3,업무,전기,3년이상,지방,G80_전기
301,2984,3,레저,상관없음,3년이상,지방,산타페_가솔린
799,1620,6,출퇴근,전기,1년미만,지방,G80_전기
693,337,3,출퇴근,가솔린,1~3년,도심,쏘나타_가솔린
391,560,5,가족용,하이브리드,1년미만,지방,스포티지_하이브리드
587,1108,5,가족용,하이브리드,3년이상,도심,팰리세이드_하이브리드
386,533,6,업무,하이브리드,1년미만,도심,아반떼_하이브리드
717,3014,2,가족용,하이브리드,1년미만,지방,아반떼_하이브리드
413,3078,6,레저,하이브리드,1~3년,도심,팰리세이드_하이브리드
397,2584,1,레저,가솔린,1년미만,지방,코나_가솔린
411,2621,6,가족용,전기,3년이상,도심,아이오닉6_전기
151,4018,6,출퇴근,가솔린,3년이상,지방,쏘나타_가솔린
481,479,2,출퇴근,가솔린,1년미만,도심,아반떼_가솔린
206,3953,5,출퇴근,하이브리드,1~3년,도심,K8_하이브리드
398,3051,6,업무,하이브리드,3년이상,도심,그랜저_하이브리드
684,4378,5,가족용,가솔린,3년이상,지방,GV80_가솔린
801,3139,1,가족용,상관없음,1~3년,지방,산타페_가솔린
815,1621,5,출퇴근,하이브리드,3년이상,도심,그랜저_하이브리드
209,2631,2,레저,상관없음,1년미만,지방,코나_가솔린
785,1093,6,업무,하이브리드,1년미만,도심,아반떼_하이브리드
293,2824,1,가족용,디젤,3년이상,지방,스포티지_디젤
598,1626,4,출퇴근,가솔린,3년이상,지방,그랜저_가솔린
785,1022,6,출퇴근,하이브리드,1~3년,지방,그랜저_하이브리드
252,2695,4,레저,하이브리드,1년미만,지방,스포티지_하이브리드
240,3868,4,출퇴근,가솔린,1~3년,도심,쏘나타_가솔린
233,2444,5,가족용,하이브리드,1~3년,도심,스포티지_하이브리드
209,2832,5,업무,하이브리드,1~3년,도심,쏘나타_하이브리드
346,4007,4,출퇴근,상관없음,3년이상,도심,쏘나타_하이브리드
155,3153,2,출퇴근,디젤,1~3년,지방,스포티지_디젤
246,2075,4,레저,가솔린,1~3년,지방,스포티지_가솔린
339,1539,3,가족용,하이브리드,1~3년,도심,K5_하이브리드
580,5186,4,가족용,가솔린,1~3년,지방,산타페_가솔린
336,4865,6,가족용,상관없음,1년미만,지방,산타페_가솔린
320,1824,6,레저,하이브리드,1년미만,도심,스포티지_하이브리드
602,476,3,출퇴근,가솔린,1~3년,지방,쏘나타_가솔린
786,3806,2,가족용,하이브리드,3년이상,지방,산타페_하이브리드
264,5057,5,가족용,상관없음,3년이상,지방,팰리세이드_가솔린
447,1012,6,업무,가솔린,1~3년,도심,K8_가솔린
417,4096,5,레저,상관없음,3년이상,지방,팰리세이드_가솔린
714,2585,5,가족용,가솔린,1년미만,도심,산타페_가솔린
674,3559,6,레저,가솔린,3년이상,도심,GV80_가솔린
785,1981,2,가족용,디젤,1~3년,지방,스포티지_디젤
719,3729,3,업무,가솔린,3년이상,도심,G80_가솔린
496,4931,4,레저,가솔린,3년이상,지방,산타페_가솔린
130,3194,2,레저,상관없음,1~3년,도심,셀토스_가솔린
332,3800,5,레저,전기,1~3년,도심,코나_전기
710,3933,5,업무,상관없음,1~3년,지방,그랜저_가솔린
601,3876,6,업무,하이브리드,1년미만,도심,아반떼_하이브리드
243,3944,6,가족용,전기,1~3년,도심,아이오닉6_전기
688,5053,5,가족용,가솔린,3년이상,도심,팰리세이드_가솔린
308,1631,5,출퇴근,전기,1~3년,도심,EV6_전기
714,1844,6,레저,전기,1~3년,도심,G80_전기
361,4115,6,가족용,전기,1~3년,도심,아이오닉6_전기
617,2385,1,출퇴근,전기,1~3년,지방,아반떼_가솔린
804,1994,5,출퇴근,전기,1~3년,도심,G80_전기
284,1869,5,출퇴근,하이브리드,1년미만,도심,아반떼_하이브리드
582,4845,3,가족용,전기,1년미만,지방,코나_전기
338,1427,2,가족용,하이브리드,3년이상,지방,스포티지_하이브리드
337,422,4,업무,가솔린,1년미만,지방,아반떼_가솔린
495,2070,6,레저,하이브리드,3년이상,지방,팰리세이드_하이브리드
282,1872,3,레저,하이브리드,3년이상,도심,스포티지_하이브리드
723,4968,3,업무,가솔린,3년이상,도심,G80_가솔린
787,1628,4,업무,전기,3년이상,지방,G80_전기
491,2503,6,가족용,전기,1~3년,도심,아이오닉6_전기
511,4904,5,레저,전기,3년이상,지방,G80_전기
420,2516,4,출퇴근,하이브리드,3년이상,지방,쏘나타_하이브리드
330,2259,2,가족용,하이브리드,1~3년,도심,K5_하이브리드
210,2827,6,가족용,전기,1~3년,도심,EV6_전기
242,3009,5,업무,하이브리드,1~3년,도심,쏘나타_하이브리드
497,2945,3,레저,상관없음,1~3년,지방,산타페_가솔린
699,1516,5,레저,하이브리드,3년이상,지방,팰리세이드_하이브리드
418,2088,5,레저,디젤,3년이상,지방,스포티지_디젤
586,2381,5,레저,가솔린,1~3년,도심,팰리세이드_가솔린
590,1383,4,출퇴근,상관없음,3년이상,지방,쏘나타_하이브리드
204,2013,2,레저,디젤,1~3년,지방,코나_가솔린
404,2854,4,업무,하이브리드,1~3년,도심,쏘나타_하이브리드
358,2581,5,출퇴근,전기,1~3년,지방,그랜저_가솔린
583,837,6,출퇴근,전기,3년이상,도심,아이오닉6_전기
219,2860,3,출퇴근,가솔린,3년이상,도심,쏘나타_가솔린
132,2931,4,레저,전기,1~3년,지방,셀토스_가솔린
410,425,6,출퇴근,전기,3년이상,도심,EV6_전기
625,3237,3,업무,가솔린,3년이상,지방,G80_가솔린
450,499,2,업무,하이브리드,1년미만,지방,아반떼_하이브리드
357,317,6,업무,가솔린,1~3년,도심,K5_가솔린
468,4861,5,레저,하이브리드,1~3년,도심,팰리세이드_하이브리드
713,2001,5,레저,하이브리드,1~3년,도심,팰리세이드_하이브리드
590,594,5,레저,상관없음,1~3년,도심,팰리세이드_가솔린
731,4358,3,업무,가솔린,3년이상,도심,G80_가솔린
211,3832,6,업무,상관없음,1~3년,도심,K8_가솔린
358,2156,4,가족용,하이브리드,3년이상,도심,K5_하이브리드
469,816,5,출퇴근,상관없음,3년이상,도심,K8_하이브리드
267,1394,4,업무,디젤,1~3년,도심,K5_가솔린
445,1673,5,레저,하이브리드,1~3년,도심,산타페_하이브리드
349,3196,6,업무,하이브리드,3년이상,도심,그랜저_하이브리드
441,2615,5,업무,디젤,1~3년,지방,스포티지_디젤
437,629,5,가족용,전기,3년이상,도심,EV6_전기
399,1466,6,가족용,전기,3년이상,도심,아이오닉6_전기
701,2894,4,업무,하이브리드,1~3년,지방,쏘나타_하이브리드
130,2844,6,레저,디젤,1년미만,도심,셀토스_가솔린
244,4155,2,레저,가솔린,1~3년,지방,코나_가솔린
245,3831,1,레저,가솔린,1~3년,지방,코나_가솔린
590,1086,5,레저,상관없음,1~3년,지방,팰리세이드_가솔린
694,580,3,레저,디젤,3년이상,지방,스포티지_디젤
785,2477,4,업무,가솔린,3년이상,지방,쏘나타_가솔린
297,1122,4,출퇴근,가솔린,3년이상,도심,K5_가솔린
320,3186,5,레저,하이브리드,1~3년,지방,산타페_하이브리드
609,669,2,업무,하이브리드,1년미만,지방,아반떼_하이브리드
184,4065,5,출퇴근,상관없음,3년이상,도심,쏘나타_하이브리드
342,3191,1,레저,하이브리드,3년이상,지방,산타페_하이브리드
520,2377,2,출퇴근,하이브리드,1년미만,도심,아반떼_하이브리드
805,2011,5,업무,하이브리드,1~3년,지방,그랜저_하이브리드
457,511,2,레저,하이브리드,1~3년,도심,산타페_하이브리드
500,1384,5,출퇴근,전기,1~3년,도심,아이오닉6_전기
467,2019,3,업무,가솔린,3년이상,도심,쏘나타_가솔린
434,1043,4,업무,상관없음,1~3년,도심,쏘나타_가솔린
130,3060,3,레저,디젤,1~3년,지방,셀토스_가솔린
291,4980,5,레저,하이브리드,1~3년,도심,팰리세이드_하이브리드
283,2030,6,레저,하이브리드,1년미만,도심,스포티지_하이브리드
340,2321,5,업무,가솔린,1~3년,도심,K8_가솔린
582,4005,3,업무,가솔린,1~3년,도심,쏘나타_가솔린
712,1363,3,출퇴근,디젤,3년이상,지방,스포티지_디젤
203,3014,4,가족용,가솔린,3년이상,도심,스포티지_가솔린
399,3828,6,출퇴근,전기,3년이상,지방,그랜저_가솔린
606,2083,1,업무,상관없음,1~3년,지방,아반떼_가솔린
501,381,6,출퇴근,상관없음,3년이상,도심,K8_하이브리드
718,4986,6,가족용,상관없음,3년이상,지방,팰리세이드_가솔린
336,3149,2,레저,가솔린,1~3년,도심,코나_가솔린
295,2043,1,레저,하이브리드,1~3년,도심,스포티지_하이브리드
448,572,3,업무,하이브리드,3년이상,도심,쏘나타_하이브리드
312,2017,4,가족용,하이브리드,3년이상,도심,K5_하이브리드
196,3049,5,가족용,전기,3년이상,도심,EV6_전기
685,427,5,레저,상관없음,1~3년,지방,팰리세이드_가솔린
629,3771,6,가족용,가솔린,3년이상,지방,GV80_가솔린
718,971,3,업무,상관없음,3년이상,지방,쏘나타_가솔린
587,5002,6,레저,가솔린,3년이상,도심,팰리세이드_가솔린
616,365,4,출퇴근,전기,3년이상,지방,쏘나타_하이브리드
386,537,2,가족용,가솔린,1~3년,도심,스포티지_가솔린
205,2807,3,업무,가솔린,3년이상,지방,쏘나타_가솔린
191,3064,3,가족용,하이브리드,1년미만,도심,스포티지_하이브리드
438,3910,6,업무,전기,3년이상,지방,그랜저_가솔린
256,4043,5,가족용,가솔린,3년이상,도심,팰리세이드_가솔린
187,2936,5,가족용,상관없음,3년이상,도심,스포티지_가솔린
441,1603,2,레저,가솔린,1년미만,지방,코나_가솔린
198,4078,5,업무,상관없음,1~3년,도심,K8_가솔린
501,2655,5,레저,상관없음,3년이상,지방,팰리세이드_가솔린
340,1925,4,레저,상관없음,1년미만,지방,코나_가솔린
799,4999,6,레저,상관없음,1~3년,도심,팰리세이드_가솔린
352,1846,5,가족용,하이브리드,1년미만,지방,산타페_하이브리드
490,1333,4,가족용,가솔린,1~3년,지방,산타페_가솔린
783,4566,4,레저,가솔린,3년이상,지방,GV80_가솔린
131,3827,2,레저,가솔린,1~3년,도심,셀토스_가솔린
592,1379,6,가족용,전기,1~3년,도심,아이오닉6_전기
515,446,3,업무,상관없음,1~3년,도심,쏘나타_가솔린
486,1656,5,가족용,전기,1~3년,도심,아이오닉6_전기
443,2090,6,레저,하이브리드,1~3년,도심,팰리세이드_하이브리드
608,4056,4,가족용,가솔린,3년이상,도심,GV80_가솔린
296,3867,6,가족용,디젤,1~3년,도심,스포티지_디젤
449,347,6,레저,하이브리드,1~3년,도심,스포티지_하이브리드
707,1849,5,가족용,하이브리드,3년이상,지방,팰리세이드_하이브리드
614,3710,2,출퇴근,가솔린,3년이상,지방,G80_가솔린
331,536,3,레저,디젤,1년미만,도심,코나_가솔린
464,1180,6,업무,가솔린,3년이상,지방,그랜저_가솔린
305,1533,6,레저,하이브리드,1년미만,도심,스포티지_하이브리드
783,1143,6,업무,전기,3년이상,도심,G80_전기
358,1523,1,레저,디젤,1~3년,도심,스포티지_디젤
492,592,3,출퇴근,전기,3년이상,지방,쏘나타_하이브리드
400,4110,5,출퇴근,디젤,3년이상,도심,스포티지_디젤
370,2017,1,레저,하이브리드,1~3년,도심,산타페_하이브리드
312,985,5,출퇴근,가솔린,1~3년,지방,K5_가솔린
592,3036,2,레저,하이브리드,3년이상,지방,산타페_하이브리드
149,4984,3,출퇴근,하이브리드,1년미만,도심,아반떼_하이브리드
206,3095,5,레저,가솔린,3년이상,도심,스포티지_가솔린
161,3812,6,가족용,하이브리드,1년미만,도심,스포티지_하이브리드
161,2510,3,가족용,하이브리드,1년미만,지방,아반떼_하이브리드
243,2103,4,레저,상관없음,1년미만,도심,코나_가솔린
280,3009,6,출퇴근,상관없음,1~3년,지방,K8_하이브리드
437,1195,5,업무,가솔린,3년이상,지방,K8_가솔린
332,1896,5,가족용,전기,3년이상,도심,EV6_전기
709,2845,4,출퇴근,하이브리드,1~3년,지방,쏘나타_하이브리드
131,4830,5,레저,가솔린,1년미만,지방,셀토스_가솔린
282,2114,2,출퇴근,전기,1년미만,도심,코나_전기
202,2181,4,가족용,가솔린,1~3년,지방,K5_가솔린
439,1110,6,업무,가솔린,3년이상,도심,K8_가솔린
357,382,3,업무,디젤,1~3년,지방,K5_가솔린
415,2137,6,레저,가솔린,1년미만,지방,코나_가솔린
815,2020,4,레저,디젤,1~3년,지방,스포티지_디젤
356,936,4,가족용,상관없음,1년미만,지방,스포티지_가솔린
254,2869,4,레저,전기,1~3년,도심,코나_전기
721,4217,3,업무,가솔린,3년이상,지방,G80_가솔린
214,3889,5,업무,가솔린,3년이상,도심,K8_가솔린
412,1550,5,출퇴근,하이브리드,3년이상,도심,K8_하이브리드
686,318,6,업무,하이브리드,1~3년,지방,그랜저_하이브리드
170,3078,3,업무,가솔린,1~3년,지방,쏘나타_가솔린
147,3865,5,출퇴근,전기,3년이상,도심,EV6_전기
164,2953,5,출퇴근,상관없음,1~3년,지방,쏘나타_하이브리드
336,1584,2,레저,하이브리드,1~3년,도심,스포티지_하이브리드
406,1511,6,레저,디젤,3년이상,지방,스포티지_디젤
130,2818,1,레저,디젤,3년이상,지방,셀토스_가솔린
345,1910,2,가족용,하이브리드,3년이상,지방,산타페_하이브리드
397,1602,6,업무,상관없음,1~3년,도심,K8_가솔린
360,1688,6,업무,디젤,3년이상,도심,스포티지_디젤
288,1137,4,가족용,가솔린,1~3년,지방,K5_가솔린
180,2545,3,출퇴근,상관없음,1~3년,지방,K5_가솔린
787,2966,4,업무,상관없음,3년이상,지방,쏘나타_가솔린
132,2930,4,레저,가솔린,1~3년,지방,셀토스_가솔린
732,3143,6,레저,가솔린,3년이상,지방,GV80_가솔린
433,2422,5,업무,하이브리드,1~3년,도심,그랜저_하이브리드
456,860,6,출퇴근,상관없음,1~3년,지방,K8_하이브리드
352,1024,1,레저,하이브리드,3년이상,지방,스포티지_하이브리드
270,5037,5,업무,상관없음,3년이상,지방,그랜저_가솔린
586,4165,1,가족용,상관없음,3년이상,도심,코나_전기
782,1007,4,업무,상관없음,1~3년,도심,G80_전기
589,1898,5,가족용,전기,1~3년,지방,산타페_가솔린
803,4858,1,레저,가솔린,1~3년,지방,코나_가솔린
602,3357,1,출퇴근,가솔린,3년이상,도심,G80_가솔린
358,4957,3,업무,하이브리드,1~3년,도심,쏘나타_하이브리드
790,342,6,업무,전기,1~3년,지방,G80_전기
600,4830,6,가족용,하이브리드,3년이상,도심,팰리세이드_하이브리드
353,1117,5,출퇴근,전기,1~3년,도심,EV6_전기
259,1003,3,출퇴근,하이브리드,3년이상,도심,아반떼_하이브리드
362,846,2,가족용,하이브리드,3년이상,지방,스포티지_하이브리드
362,2124,4,가족용,하이브리드,3년이상,도심,K5_하이브리드
606,4085,5,레저,디젤,1년미만,지방,스포티지_디젤
820,2186,5,레저,하이브리드,3년이상,도심,팰리세이드_하이브리드
260,1855,3,가족용,가솔린,1~3년,도심,스포티지_가솔린
614,5134,2,가족용,디젤,1년미만,지방,스포티지_디젤
259,1548,4,업무,상관없음,3년이상,지방,K5_가솔린
130,2542,4,레저,상관없음,1~3년,도심,셀토스_가솔린
480,596,6,업무,가솔린,1~3년,도심,K8_가솔린
165,1620,6,업무,상관없음,1~3년,도심,아반떼_가솔린
353,3086,5,가족용,전기,1년미만,지방,코나_전기
131,4843,1,레저,가솔린,1년미만,지방,셀토스_가솔린
793,2047,4,출퇴근,상관없음,1~3년,도심,쏘나타_하이브리드
613,3882,2,레저,전기,1년미만,지방,코나_전기
657,4791,5,가족용,가솔린,3년이상,도심,GV80_가솔린
499,4828,6,레저,하이브리드,1~3년,지방,팰리세이드_하이브리드
169,2074,3,레저,전기,1년미만,도심,코나_가솔린
404,2501,3,출퇴근,상관없음,1년미만,도심,아반떼_가솔린
133,2553,4,레저,전기,1년미만,도심,셀토스_가솔린
520,1385,6,가족용,디젤,3년이상,지방,스포티지_디젤
354,1606,4,가족용,하이브리드,3년이상,도심,K5_하이브리드
233,2634,5,레저,하이브리드,3년이상,도심,스포티지_하이브리드
456,960,4,가족용,전기,1~3년,도심,코나_전기
699,2097,5,가족용,하이브리드,3년이상,지방,팰리세이드_하이브리드
764,3211,4,레저,가솔린,3년이상,도심,GV80_가솔린
257,2390,2,레저,상관없음,1~3년,지방,코나_가솔린
391,1421,5,가족용,전기,3년이상,도심,아이오닉6_전기
381,659,6,가족용,전기,1~3년,도심,EV6_전기
666,3326,5,레저,가솔린,3년이상,도심,GV80_가솔린
403,1140,6,가족용,상관없음,3년이상,지방,산타페_가솔린
708,2461,3,레저,가솔린,1년미만,지방,코나_가솔린
690,854,1,업무,상관없음,3년이상,도심,코나_전기
390,3923,5,업무,하이브리드,3년이상,지방,그랜저_하이브리드
313,5183,5,가족용,하이브리드,3년이상,지방,팰리세이드_하이브리드
614,2334,2,레저,하이브리드,1~3년,도심,산타페_하이브리드
705,1647,3,가족용,가솔린,1~3년,도심,산타페_가솔린
334,4133,3,레저,가솔린,3년이상,지방,산타페_가솔린
399,613,5,레저,하이브리드,3년이상,도심,스포티지_하이브리드
361,4013,5,가족용,전기,3년이상,지방,팰리세이드_가솔린
609,4957,4,출퇴근,가솔린,1~3년,지방,쏘나타_가솔린
817,4847,5,출퇴근,하이브리드,1~3년,도심,그랜저_하이브리드
250,2505,4,레저,하이브리드,1년미만,도심,스포티지_하이브리드
507,2963,5,레저,하이브리드,3년이상,도심,팰리세이드_하이브리드
416,2998,3,레저,가솔린,1~3년,도심,산타페_가솔린
796,546,6,가족용,하이브리드,3년이상,도심,팰리세이드_하이브리드
499,1456,2,가족용,하이브리드,1~3년,지방,산타페_하이브리드
604,3920,1,업무,디젤,3년이상,지방,스포티지_디젤
349,1639,6,가족용,전기,3년이상,도심,EV6_전기
259,1181,1,레저,가솔린,1~3년,도심,코나_가솔린
134,3009,5,레저,가솔린,1년미만,도심,셀토스_가솔린
818,678,6,출퇴근,하이브리드,1~3년,지방,그랜저_하이브리드
168,4138,3,레저,가솔린,3년이상,지방,산타페_가솔린
517,1418,4,가족용,디젤,1~3년,도심,스포티지_디젤
581,1179,6,업무,하이브리드,1년미만,지방,아반떼_하이브리드
498,548,4,가족용,하이브리드,1년미만,도심,산타페_하이브리드
358,1370,4,가족용,상관없음,1~3년,도심,산타페_가솔린
232,2484,6,가족용,디젤,3년이상,도심,스포티지_디젤
785,2083,5,가족용,가솔린,3년이상,지방,팰리세이드_가솔린
499,2874,3,가족용,전기,3년이상,지방,산타페_가솔린
419,2395,5,가족용,하이브리드,1~3년,지방,산타페_하이브리드
246,3902,2,가족용,가솔린,1~3년,지방,산타페_가솔린
211,3123,2,가족용,가솔린,1년미만,지방,아반떼_가솔린
508,545,6,업무,하이브리드,3년이상,도심,K8_하이브리드
181,4189,5,가족용,전기,3년이상,도심,아이오닉6_전기
457,2595,4,출퇴근,하이브리드,3년이상,도심,쏘나타_하이브리드
283,4814,6,업무,전기,3년이상,지방,그랜저_가솔린
365,1951,6,출퇴근,가솔린,3년이상,도심,K8_가솔린
413,4905,4,업무,하이브리드,1~3년,도심,쏘나타_하이브리드
384,5038,6,가족용,하이브리드,3년이상,도심,팰리세이드_하이브리드
388,545,2,가족용,상관없음,1~3년,도심,스포티지_가솔린
711,1103,5,업무,전기,3년이상,도심,G80_전기
408,3020,6,레저,전기,1~3년,도심,코나_전기
446,681,2,출퇴근,가솔린,1~3년,지방,아반떼_가솔린
134,2896,5,레저,가솔린,1년미만,지방,셀토스_가솔린
701,1425,4,출퇴근,가솔린,3년이상,도심,그랜저_가솔린
485,687,6,출퇴근,하이브리드,3년이상,도심,K8_하이브리드
798,2306,6,레저,하이브리드,3년이상,지방,팰리세이드_하이브리드
406,3827,6,레저,가솔린,3년이상,도심,팰리세이드_가솔린
499,2587,5,출퇴근,디젤,1년미만,도심,스포티지_디젤
155,4107,3,레저,가솔린,1~3년,도심,코나_가솔린
181,2163,2,가족용,상관없음,1년미만,지방,아반떼_가솔린
266,3176,4,업무,하이브리드,1~3년,도심,쏘나타_하이브리드
295,2181,2,가족용,하이브리드,1~3년,지방,스포티지_하이브리드
510,3109,4,가족용,전기,3년이상,지방,산타페_가솔린
319,2618,6,출퇴근,가솔린,1~3년,도심,K8_가솔린
446,440,1,레저,가솔린,3년이상,도심,코나_가솔린
484,4902,5,업무,하이브리드,3년이상,지방,그랜저_하이브리드
747,4731,3,업무,가솔린,3년이상,도심,G80_가솔린
134,2883,4,레저,전기,1년미만,지방,셀토스_가솔린
484,1658,3,출퇴근,상관없음,3년이상,도심,쏘나타_하이브리드
399,2181,2,출퇴근,하이브리드,3년이상,도심,K5_하이브리드
811,616,1,레저,전기,1년미만,도심,코나_전기
333,1548,4,레저,하이브리드,1~3년,도심,스포티지_하이브리드
711,1070,3,가족용,상관없음,1~3년,도심,산타페_가솔린
232,1465,5,출퇴근,상관없음,3년이상,지방,아반떼_가솔린
263,2027,5,레저,상관없음,3년이상,지방,스포티지_가솔린
212,3850,5,출퇴근,가솔린,1~3년,도심,K8_가솔린
295,2405,2,레저,하이브리드,3년이상,지방,산타페_하이브리드
468,906,5,업무,하이브리드,1~3년,지방,K8_하이브리드
586,1171,2,업무,하이브리드,1년미만,도심,아반떼_하이브리드
362,860,2,업무,전기,1~3년,도심,EV6_전기
400,530,6,레저,하이브리드,3년이상,도심,스포티지_하이브리드
452,1448,1,가족용,가솔린,1~3년,지방,산타페_가솔린
216,2073,6,출퇴근,하이브리드,1~3년,도심,아반떼_하이브리드
289,4946,5,업무,상관없음,3년이상,도심,그랜저_가솔린
681,1905,1,출퇴근,상관없음,1년미만,지방,아반떼_가솔린
702,2658,3,출퇴근,디젤,1~3년,도심,스포티지_디젤
506,2167,6,업무,디젤,1~3년,도심,스포티지_디젤
404,4904,6,레저,하이브리드,3년이상,도심,팰리세이드_하이브리드
165,4064,6,출퇴근,하이브리드,1~3년,지방,쏘나타_하이브리드
237,2440,4,업무,하이브리드,1년미만,지방,아반떼_하이브리드
811,2325,3,레저,상관없음,3년이상,도심,코나_전기
303,1622,5,가족용,전기,1~3년,지방,스포티지_가솔린
318,838,3,출퇴근,디젤,1~3년,지방,K5_가솔린
252,2695,5,가족용,하이브리드,1~3년,도심,스포티지_하이브리드
712,4810,3,업무,가솔린,3년이상,지방,G80_가솔린
394,1918,5,출퇴근,하이브리드,3년이상,도심,K8_하이브리드
680,2647,3,업무,전기,3년이상,지방,G80_전기
363,910,6,가족용,전기,3년이상,도심,EV6_전기
768,3124,2,출퇴근,가솔린,3년이상,도심,G80_가솔린
580,1142,3,업무,하이브리드,3년이상,도심,쏘나타_하이브리드
509,379,5,레저,상관없음,1~3년,지방,산타페_가솔린
633,3220,5,레저,가솔린,3년이상,지방,GV80_가솔린
158,3852,2,레저,하이브리드,3년이상,도심,스포티지_하이브리드
614,658,3,레저,전기,1년미만,지방,코나_전기
402,462,1,가족용,하이브리드,3년이상,도심,스포티지_하이브리드
256,2526,6,가족용,전기,3년이상,도심,EV6_전기
510,4907,5,레저,디젤,1년미만,도심,스포티지_디젤
607,4985,5,가족용,가솔린,3년이상,지방,팰리세이드_가솔린
800,686,6,업무,가솔린,3년이상,지방,그랜저_가솔린
200,2568,5,가족용,상관없음,1~3년,지방,스포티지_가솔린
364,355,4,레저,전기,3년이상,지방,스포티지_디젤
784,5136,6,레저,하이브리드,3년이상,지방,팰리세이드_하이브리드
238,3885,5,출퇴근,하이브리드,3년이상,도심,K8_하이브리드
160,3866,4,가족용,하이브리드,3년이상,지방,스포티지_하이브리드
290,3809,2,레저,하이브리드,1년미만,도심,아반떼_하이브리드
210,2376,2,가족용,하이브리드,3년이상,지방,아반떼_하이브리드
593,3852,6,레저,전기,1년미만,지방,코나_전기
357,2657,5,레저,가솔린,3년이상,지방,산타페_가솔린
307,2094,5,출퇴근,전기,1~3년,도심,EV6_전기
260,964,5,레저,가솔린,1년미만,도심,셀토스_가솔린
494,2630,1,가족용,가솔린,1~3년,도심,산타페_가솔린
356,326,5,업무,전기,1~3년,지방,K5_가솔린
620,4450,1,출퇴근,가솔린,3년이상,지방,G80_가솔린
205,4008,4,업무,하이브리드,1~3년,도심,쏘나타_하이브리드
701,5162,5,가족용,디젤,1년미만,지방,스포티지_디젤
434,2624,6,가족용,전기,1~3년,도심,아이오닉6_전기
292,2805,5,출퇴근,상관없음,1~3년,지방,K8_하이브리드
508,2313,6,레저,상관없음,3년이상,도심,팰리세이드_가솔린
196,1989,1,출퇴근,디젤,1~3년,지방,아반떼_가솔린
148,2305,2,레저,전기,3년이상,도심,셀토스_가솔린
789,864,4,레저,전기,3년이상,지방,코나_전기
495,390,6,업무,상관없음,1~3년,도심,K8_가솔린
383,2570,1,출퇴근,전기,1년미만,도심,코나_전기
392,430,3,가족용,가솔린,1년미만,도심,스포티지_가솔린
390,800,5,가족용,상관없음,1년미만,지방,스포티지_가솔린
379,1624,4,가족용,하이브리드,3년이상,도심,K5_하이브리드
794,4834,6,가족용,하이브리드,3년이상,지방,팰리세이드_하이브리드
392,2928,3,가족용,하이브리드,3년이상,도심,산타페_하이브리드
800,2907,4,가족용,가솔린,3년이상,도심,산타페_가솔린
498,1877,4,레저,가솔린,1년미만,지방,코나_가솔린
765,3044,2,출퇴근,가솔린,3년이상,지방,G80_가솔린
799,2389,1,업무,디젤,3년이상,도심,스포티지_디젤
434,2157,6,가족용,상관없음,3년이상,지방,팰리세이드_가솔린
147,4144,5,출퇴근,가솔린,1년미만,도심,아반떼_가솔린
417,2978,6,업무,하이브리드,1년미만,지방,아반떼_하이브리드
147,3880,5,가족용,전기,3년이상,도심,EV6_전기
720,3754,5,레저,가솔린,3년이상,지방,GV80_가솔린
812,2481,4,업무,상관없음,1~3년,도심,G80_전기
131,4158,1,레저,디젤,1~3년,지방,셀토스_가솔린
217,1681,1,레저,전기,3년이상,도심,코나_가솔린
206,4924,3,업무,상관없음,3년이상,지방,쏘나타_가솔린
357,2128,5,업무,전기,3년이상,지방,K8_가솔린
207,3930,6,업무,가솔린,1~3년,지방,K8_가솔린
195,4193,5,업무,하이브리드,3년이상,도심,K8_하이브리드
450,306,6,가족용,하이브리드,3년이상,지방,스포티지_하이브리드
584,1512,5,업무,가솔린,1~3년,도심,그랜저_가솔린
130,4942,2,레저,가솔린,1년미만,도심,셀토스_가솔린
400,2103,5,출퇴근,상관없음,3년이상,도심,그랜저_가솔린
292,4156,5,가족용,전기,1~3년,도심,아이오닉6_전기
130,2616,2,레저,전기,1년미만,지방,셀토스_가솔린
686,1191,2,가족용,상관없음,3년이상,지방,산타페_가솔린
199,3076,4,출퇴근,하이브리드,1년미만,지방,아반떼_하이브리드
202,5036,2,가족용,전기,3년이상,도심,코나_전기
237,4982,5,레저,상관없음,1~3년,지방,팰리세이드_가솔린
316,2694,6,업무,하이브리드,3년이상,도심,K8_하이브리드
233,4028,5,출퇴근,하이브리드,1~3년,지방,K8_하이브리드
707,2962,6,가족용,하이브리드,3년이상,도심,팰리세이드_하이브리드
760,3229,4,레저,가솔린,3년이상,도심,GV80_가솔린
304,2920,6,출퇴근,하이브리드,3년이상,도심,K8_하이브리드
447,3079,6,출퇴근,전기,1~3년,도심,아이오닉6_전기
288,3810,6,출퇴근,가솔린,3년이상,도심,그랜저_가솔린
410,1845,4,가족용,전기,1~3년,지방,산타페_가솔린
232,2607,3,업무,가솔린,3년이상,도심,쏘나타_가솔린
586,321,6,업무,하이브리드,1~3년,도심,그랜저_하이브리드
431,2415,2,가족용,디젤,3년이상,도심,스포티지_디젤
367,1931,6,업무,하이브리드,3년이상,지방,K8_하이브리드
365,2004,5,업무,가솔린,3년이상,도심,K8_가솔린
777,3316,5,레저,가솔린,3년이상,지방,GV80_가솔린
766,4622,2,출퇴근,가솔린,3년이상,도심,G80_가솔린
517,1432,1,레저,하이브리드,1년미만,지방,아반떼_하이브리드
503,2531,5,레저,하이브리드,1~3년,도심,팰리세이드_하이브리드
690,502,6,레저,하이브리드,1~3년,도심,팰리세이드_하이브리드
212,3912,5,업무,하이브리드,3년이상,지방,K8_하이브리드
269,4198,3,출퇴근,하이브리드,1~3년,지방,쏘나타_하이브리드
617,836,6,출퇴근,전기,1~3년,도심,아이오닉6_전기
238,4965,2,출퇴근,전기,1~3년,도심,코나_전기
392,4194,6,업무,하이브리드,1~3년,지방,그랜저_하이브리드
498,1337,4,가족용,상관없음,1~3년,지방,산타페_가솔린
718,4594,5,레저,가솔린,3년이상,지방,GV80_가솔린
153,2392,2,가족용,디젤,1년미만,도심,아반떼_가솔린
259,4100,6,업무,하이브리드,3년이상,도심,그랜저_하이브리드
683,2179,1,업무,디젤,1년미만,도심,코나_전기
487,3046,6,출퇴근,전기,1~3년,도심,아이오닉6_전기
237,4830,3,업무,가솔린,3년이상,지방,쏘나타_가솔린
414,827,3,업무,상관없음,1~3년,지방,쏘나타_가솔린
367,1929,5,업무,가솔린,1~3년,도심,K8_가솔린
800,4007,4,업무,상관없음,1년미만,도심,코나_전기
514,359,5,출퇴근,하이브리드,3년이상,지방,K8_하이브리드
270,3056,6,업무,하이브리드,1~3년,도심,K8_하이브리드
248,1498,3,레저,전기,3년이상,도심,코나_가솔린
407,882,6,가족용,상관없음,1년미만,지방,산타페_가솔린
610,1547,4,출퇴근,가솔린,1~3년,도심,쏘나타_가솔린
366,1628,4,레저,하이브리드,1~3년,지방,산타페_하이브리드
343,2351,5,업무,가솔린,1~3년,지방,K8_가솔린
263,1487,5,업무,상관없음,3년이상,도심,K5_가솔린
516,2837,6,가족용,상관없음,1년미만,도심,코나_전기
293,5056,3,가족용,상관없음,3년이상,도심,산타페_가솔린
589,530,1,가족용,가솔린,3년이상,도심,산타페_가솔린
707,4475,1,출퇴근,가솔린,3년이상,도심,G80_가솔린
136,3962,6,가족용,전기,3년이상,도심,EV6_전기
337,2142,5,업무,가솔린,1~3년,도심,쏘나타_가솔린
333,3998,3,출퇴근,전기,1~3년,도심,코나_전기
497,2954,5,출퇴근,전기,3년이상,지방,그랜저_가솔린
337,618,5,출퇴근,하이브리드,3년이상,지방,아반떼_하이브리드
150,3108,6,레저,전기,1년미만,지방,코나_가솔린
203,2857,4,가족용,상관없음,1~3년,도심,스포티지_가솔린
401,4033,3,레저,하이브리드,3년이상,지방,산타페_하이브리드
720,3884,5,레저,하이브리드,1년미만,도심,산타페_하이브리드
770,3194,6,레저,가솔린,3년이상,도심,GV80_가솔린
298,1810,5,출퇴근,전기,3년이상,도심,EV6_전기
207,1594,3,레저,전기,1~3년,지방,셀토스_가솔린
191,4133,6,출퇴근,가솔린,3년이상,도심,K8_가솔린
495,2003,2,가족용,전기,1~3년,지방,코나_전기
331,2498,3,출퇴근,하이브리드,3년이상,도심,K5_하이브리드
614,3981,5,레저,전기,3년이상,도심,G80_전기
191,4042,6,출퇴근,가솔린,1~3년,도심,K8_가솔린
776,3435,6,레저,가솔린,3년이상,지방,GV80_가솔린
804,2929,6,출퇴근,전기,1년미만,지방,G80_전기
256,2313,6,출퇴근,전기,3년이상,도심,EV6_전기
519,381,5,가족용,가솔린,1년미만,도심,산타페_가솔린
134,3852,3,레저,디젤,3년이상,지방,셀토스_가솔린
347,4942,6,레저,하이브리드,3년이상,도심,팰리세이드_하이브리드
802,2927,3,업무,가솔린,1~3년,지방,쏘나타_가솔린
407,1302,3,레저,하이브리드,3년이상,지방,산타페_하이브리드
300,2292,3,가족용,하이브리드,1~3년,도심,K5_하이브리드
130,3925,5,레저,가솔린,1~3년,도심,셀토스_가솔린
293,3129,5,업무,하이브리드,3년이상,도심,K8_하이브리드
257,1612,4,업무,디젤,1~3년,도심,K5_가솔린
692,2119,6,레저,하이브리드,1~3년,지방,팰리세이드_하이브리드
678,3367,4,레저,가솔린,3년이상,도심,GV80_가솔린
381,5085,4,업무,상관없음,1~3년,도심,G80_전기
399,2645,5,가족용,전기,3년이상,도심,아이오닉6_전기
338,2440,3,출퇴근,가솔린,3년이상,도심,그랜저_가솔린
211,3991,6,출퇴근,하이브리드,3년이상,지방,K8_하이브리드
131,5161,1,레저,가솔린,3년이상,도심,셀토스_가솔린
366,2068,2,가족용,하이브리드,3년이상,도심,K5_하이브리드
256,2995,4,업무,디젤,1년미만,도심,스포티지_디젤
725,4609,5,가족용,가솔린,3년이상,도심,GV80_가솔린
312,2999,6,출퇴근,하이브리드,3년이상,지방,K8_하이브리드
267,5085,5,레저,하이브리드,1~3년,지방,팰리세이드_하이브리드
363,836,1,레저,하이브리드,1~3년,도심,스포티지_하이브리드
366,2678,5,레저,디젤,1~3년,지방,스포티지_디젤
486,463,6,출퇴근,하이브리드,1~3년,도심,K8_하이브리드
265,2129,5,가족용,전기,1~3년,도심,EV6_전기
132,4038,5,가족용,상관없음,3년이상,도심,EV6_전기
301,2049,4,가족용,하이브리드,3년이상,도심,스포티지_하이브리드
133,3047,6,레저,상관없음,1~3년,지방,셀토스_가솔린
134,2839,2,레저,상관없음,1년미만,도심,셀토스_가솔린
306,1827,5,출퇴근,전기,3년이상,도심,EV6_전기
190,2064,6,레저,상관없음,3년이상,지방,코나_가솔린
436,2612,2,레저,가솔린,1~3년,도심,코나_가솔린
498,1360,2,레저,가솔린,3년이상,지방,코나_가솔린
714,810,6,업무,상관없음,3년이상,지방,그랜저_가솔린
607,1148,1,레저,가솔린,1년미만,도심,코나_가솔린
620,3617,5,레저,가솔린,3년이상,지방,GV80_가솔린
305,994,3,출퇴근,전기,1~3년,지방,K5_가솔린
409,1496,5,출퇴근,하이브리드,3년이상,지방,K8_하이브리드
132,3096,1,레저,상관없음,3년이상,도심,셀토스_가솔린
708,2658,5,업무,하이브리드,1~3년,도심,그랜저_하이브리드
461,3182,5,가족용,전기,1~3년,도심,아이오닉6_전기
393,2960,4,출퇴근,상관없음,1년미만,도심,아반떼_가솔린
311,973,6,가족용,상관없음,1~3년,도심,K5_가솔린
420,2314,6,레저,하이브리드,1~3년,지방,팰리세이드_하이브리드
298,2461,4,가족용,전기,1~3년,지방,산타페_가솔린
197,4926,2,출퇴근,가솔린,1~3년,지방,아반떼_가솔린
452,5065,5,업무,하이브리드,3년이상,지방,그랜저_하이브리드
585,2396,3,업무,가솔린,1~3년,도심,쏘나타_가솔린
468,849,4,레저,하이브리드,1년미만,지방,산타페_하이브리드
582,1616,5,출퇴근,상관없음,3년이상,도심,그랜저_가솔린
468,2150,5,가족용,상관없음,3년이상,도심,팰리세이드_가솔린
414,5012,1,레저,디젤,1~3년,도심,스포티지_디젤
311,1806,3,레저,하이브리드,1년미만,지방,스포티지_하이브리드
144,3904,3,가족용,상관없음,1~3년,도심,스포티지_하이브리드
213,1530,3,가족용,상관없음,1~3년,지방,아반떼_가솔린
451,4851,6,레저,가솔린,3년이상,도심,팰리세이드_가솔린
609,933,6,출퇴근,하이브리드,1~3년,도심,그랜저_하이브리드
800,1158,5,업무,하이브리드,1~3년,도심,그랜저_하이브리드
431,2584,6,업무,하이브리드,1~3년,도심,그랜저_하이브리드
439,404,6,가족용,전기,1~3년,도심,EV6_전기
307,1840,3,레저,가솔린,3년이상,도심,스포티지_가솔린
614,879,5,업무,가솔린,3년이상,도심,그랜저_가솔린
483,3879,6,가족용,하이브리드,3년이상,도심,팰리세이드_하이브리드
619,604,1,출퇴근,가솔린,1년미만,도심,아반떼_가솔린
156,4854,4,가족용,디젤,3년이상,도심,스포티지_디젤
380,1922,3,가족용,하이브리드,3년이상,도심,K5_하이브리드
330,1190,5,출퇴근,상관없음,1~3년,지방,쏘나타_하이브리드
385,2152,6,출퇴근,하이브리드,3년이상,지방,K8_하이브리드
185,4164,4,업무,하이브리드,3년이상,지방,쏘나타_하이브리드
596,1200,3,업무,가솔린,3년이상,도심,쏘나타_가솔린
805,2344,2,레저,가솔린,1년미만,도심,코나_가솔린
315,2617,6,레저,가솔린,1년미만,도심,코나_가솔린
389,2097,5,출퇴근,전기,3년이상,도심,아이오닉6_전기
361,2972,4,가족용,하이브리드,1년미만,지방,산타페_하이브리드
310,2000,6,출퇴근,전기,3년이상,도심,EV6_전기
291,2457,1,레저,하이브리드,1년미만,지방,아반떼_하이브리드
814,4855,1,레저,가솔린,1~3년,지방,코나_가솔린
332,923,3,출퇴근,상관없음,1~3년,도심,쏘나타_하이브리드
294,1170,3,업무,전기,1~3년,지방,K5_가솔린
357,979,6,가족용,하이브리드,1년미만,지방,스포티지_하이브리드
511,1982,5,업무,디젤,1년미만,지방,스포티지_디젤
798,3887,2,가족용,하이브리드,3년이상,도심,산타페_하이브리드
299,1517,3,레저,하이브리드,1~3년,도심,쏘나타_하이브리드
442,922,5,출퇴근,가솔린,3년이상,지방,쏘나타_가솔린
719,856,6,가족용,전기,3년이상,도심,아이오닉6_전기
131,3848,1,레저,디젤,3년이상,지방,셀토스_가솔린
512,3858,3,출퇴근,전기,1~3년,지방,G80_전기
411,4181,2,출퇴근,전기,3년이상,지방,아반떼_가솔린
339,2485,4,가족용,하이브리드,1~3년,도심,K5_하이브리드
695,3681,5,가족용,가솔린,3년이상,지방,GV80_가솔린
133,3129,4,레저,전기,3년이상,지방,셀토스_가솔린
211,4961,1,업무,가솔린,1년미만,지방,아반떼_가솔린
308,1351,2,업무,전기,3년이상,도심,아반떼_가솔린
613,3017,6,가족용,전기,3년이상,지방,G80_전기
130,2899,4,레저,상관없음,1~3년,지방,셀토스_가솔린
441,2966,4,업무,가솔린,1년미만,지방,아반떼_가솔린
236,840,6,업무,상관없음,1년미만,도심,아반떼_가솔린
211,3811,5,업무,하이브리드,3년이상,지방,K8_하이브리드
465,4832,5,출퇴근,하이브리드,3년이상,도심,그랜저_하이브리드
281,3024,6,업무,가솔린,3년이상,지방,K8_가솔린
292,485,6,출퇴근,하이브리드,1~3년,지방,아반떼_하이브리드
599,2905,5,업무,전기,3년이상,지방,G80_전기
432,3131,4,업무,상관없음,3년이상,도심,쏘나타_가솔린
468,4872,5,업무,전기,1~3년,지방,G80_전기
482,1546,2,업무,상관없음,1~3년,지방,아반떼_가솔린
351,1380,6,가족용,전기,1~3년,도심,EV6_전기
348,1394,3,레저,가솔린,3년이상,지방,스포티지_가솔린
417,3157,6,출퇴근,상관없음,1~3년,지방,그랜저_가솔린
399,5082,1,레저,상관없음,1년미만,지방,코나_가솔린
414,3047,5,레저,상관없음,3년이상,도심,팰리세이드_가솔린
416,2677,5,업무,하이브리드,1년미만,도심,아반떼_하이브리드
263,2326,5,가족용,전기,1~3년,도심,EV6_전기
609,3964,6,가족용,하이브리드,1년미만,도심,산타페_하이브리드
234,4964,2,가족용,전기,1년미만,도심,코나_전기
391,3027,6,가족용,전기,3년이상,도심,아이오닉6_전기
241,1693,5,출퇴근,가솔린,3년이상,지방,K5_가솔린
134,4032,4,레저,가솔린,1년미만,지방,셀토스_가솔린
395,5112,3,업무,하이브리드,3년이상,도심,쏘나타_하이브리드
494,2523,4,출퇴근,디젤,1~3년,지방,스포티지_디젤
449,2536,2,업무,전기,3년이상,도심,코나_전기
197,2084,4,업무,하이브리드,1년미만,도심,아반떼_하이브리드
689,1868,4,업무,가솔린,1~3년,지방,쏘나타_가솔린
235,2563,6,가족용,가솔린,1년미만,지방,스포티지_가솔린
618,4957,6,업무,전기,3년이상,지방,G80_전기
497,4200,5,레저,하이브리드,1~3년,지방,팰리세이드_하이브리드
794,4007,6,레저,하이브리드,1~3년,지방,팰리세이드_하이브리드
467,3038,4,업무,하이브리드,3년이상,지방,쏘나타_하이브리드
236,1879,5,레저,하이브리드,3년이상,도심,아반떼_하이브리드
590,1093,4,레저,가솔린,3년이상,지방,산타페_가솔린
282,1915,2,가족용,상관없음,1~3년,지방,스포티지_가솔린
283,1182,6,출퇴근,가솔린,3년이상,도심,K5_가솔린
598,2435,5,레저,전기,1~3년,지방,G80_전기
316,2981,1,레저,전기,1년미만,지방,코나_전기
151,4187,4,출퇴근,상관없음,1~3년,도심,쏘나타_하이브리드
463,1951,5,레저,하이브리드,1~3년,지방,팰리세이드_하이브리드
509,4163,3,업무,하이브리드,1~3년,지방,쏘나타_하이브리드
283,682,3,출퇴근,가솔린,3년이상,지방,아반떼_가솔린
458,557,4,출퇴근,가솔린,3년이상,지방,쏘나타_가솔린
311,2694,5,업무,상관없음,3년이상,지방,K8_가솔린
434,2383,5,레저,상관없음,1~3년,지방,팰리세이드_가솔린
458,3199,6,출퇴근,전기,1~3년,도심,아이오닉6_전기
434,1141,6,업무,상관없음,1~3년,도심,K8_가솔린
183,2418,3,업무,전기,1~3년,지방,K5_가솔린
457,1481,2,레저,전기,1~3년,지방,코나_전기
707,1145,6,업무,가솔린,3년이상,도심,그랜저_가솔린
354,872,6,출퇴근,상관없음,1~3년,도심,쏘나타_하이브리드
738,3159,4,가족용,가솔린,3년이상,지방,GV80_가솔린
330,2038,3,가족용,하이브리드,1~3년,도심,K5_하이브리드
133,3902,4,레저,가솔린,1년미만,지방,셀토스_가솔린
157,4905,2,레저,가솔린,3년이상,도심,코나_가솔린
408,1434,5,업무,상관없음,1~3년,지방,K8_가솔린
187,1478,3,가족용,디젤,1년미만,지방,아반떼_가솔린
403,375,6,업무,전기,3년이상,지방,EV6_전기
220,2488,5,레저,하이브리드,1년미만,지방,아반떼_하이브리드
713,3821,5,출퇴근,상관없음,3년이상,도심,G80_전기
439,1472,1,업무,상관없음,3년이상,도심,코나_전기
307,1439,1,업무,하이브리드,3년이상,도심,아반떼_하이브리드
819,2476,6,레저,하이브리드,1~3년,도심,팰리세이드_하이브리드
708,334,6,가족용,하이브리드,1~3년,도심,산타페_하이브리드
368,918,5,가족용,하이브리드,1년미만,도심,스포티지_하이브리드
595,4051,1,레저,전기,1년미만,도심,코나_전기
394,1632,6,업무,전기,3년이상,지방,K8_가솔린
253,1048,2,레저,상관없음,1년미만,지방,셀토스_가솔린
780,2800,6,업무,전기,1년미만,도심,코나_전기
690,1365,3,출퇴근,전기,1~3년,지방,G80_전기
464,568,4,업무,하이브리드,3년이상,도심,쏘나타_하이브리드
498,570,1,레저,가솔린,1~3년,도심,코나_가솔린
263,1536,4,레저,디젤,1~3년,도심,코나_가솔린
387,577,6,레저,하이브리드,1년미만,지방,스포티지_하이브리드
483,911,2,출퇴근,하이브리드,3년이상,도심,아반떼_하이브리드
395,596,6,가족용,전기,3년이상,지방,스포티지_가솔린
520,560,5,가족용,전기,3년이상,도심,아이오닉6_전기
700,5127,6,레저,상관없음,1~3년,도심,팰리세이드_가솔린
163,4869,5,출퇴근,하이브리드,3년이상,도심,K8_하이브리드
377,2348,4,가족용,하이브리드,1~3년,도심,K5_하이브리드
130,2552,1,레저,가솔린,3년이상,지방,셀토스_가솔린
444,1051,5,출퇴근,가솔린,1~3년,지방,K8_가솔린
447,5128,5,레저,전기,3년이상,지방,G80_전기
166,3865,6,업무,하이브리드,1~3년,지방,쏘나타_하이브리드
290,3852,1,출퇴근,디젤,3년이상,도심,스포티지_디젤
709,2952,3,출퇴근,가솔린,1~3년,도심,쏘나타_가솔린
300,1942,4,업무,가솔린,1~3년,지방,쏘나타_가솔린
674,3205,2,출퇴근,가솔린,3년이상,지방,G80_가솔린
347,4997,6,출퇴근,상관없음,1~3년,도심,그랜저_가솔린
209,2898,4,출퇴근,하이브리드,3년이상,도심,쏘나타_하이브리드
134,2844,4,레저,전기,1~3년,도심,셀토스_가솔린
412,1649,6,가족용,전기,3년이상,도심,아이오닉6_전기
382,2552,6,레저,가솔린,1년미만,지방,코나_가솔린
405,599,6,가족용,전기,3년이상,지방,스포티지_가솔린
442,2945,5,가족용,하이브리드,3년이상,지방,팰리세이드_하이브리드
302,1836,4,출퇴근,하이브리드,1~3년,도심,K5_하이브리드
515,4914,1,출퇴근,하이브리드,1~3년,지방,아반떼_하이브리드
797,1560,5,업무,하이브리드,3년이상,도심,그랜저_하이브리드
302,1931,3,가족용,하이브리드,1~3년,도심,K5_하이브리드
449,2353,5,출퇴근,하이브리드,1~3년,지방,그랜저_하이브리드
308,4920,3,출퇴근,전기,3년이상,지방,쏘나타_하이브리드
351,2555,6,업무,가솔린,3년이상,지방,그랜저_가솔린
453,1955,4,업무,상관없음,3년이상,도심,쏘나타_가솔린
159,5055,5,출퇴근,상관없음,1~3년,도심,쏘나타_하이브리드
370,2941,3,가족용,하이브리드,1년미만,도심,산타페_하이브리드
680,3857,6,업무,하이브리드,3년이상,지방,그랜저_하이브리드
262,2008,1,가족용,상관없음,3년이상,도심,스포티지_가솔린
586,4089,5,출퇴근,전기,1년미만,도심,G80_전기
518,5046,2,레저,디젤,3년이상,도심,스포티지_디젤
187,4172,3,레저,가솔린,1~3년,도심,산타페_가솔린
203,2342,3,레저,가솔린,1~3년,지방,코나_가솔린
151,3939,5,출퇴근,전기,3년이상,도심,EV6_전기
450,997,5,출퇴근,가솔린,1~3년,도심,K8_가솔린
396,3861,1,레저,하이브리드,3년이상,도심,산타페_하이브리드
312,915,3,업무,전기,1~3년,지방,K5_가솔린
591,1469,5,업무,디젤,1년미만,지방,스포티지_디젤
612,1314,5,출퇴근,상관없음,3년이상,도심,그랜저_가솔린
155,3810,5,출퇴근,전기,1~3년,도심,EV6_전기
252,2383,4,레저,가솔린,1~3년,지방,스포티지_가솔린
200,4926,5,가족용,전기,3년이상,도심,아이오닉6_전기
185,4176,6,출퇴근,전기,1~3년,도심,아이오닉6_전기
357,5040,5,레저,하이브리드,3년이상,도심,팰리세이드_하이브리드
817,2169,1,업무,하이브리드,3년이상,지방,아반떼_하이브리드
817,5146,6,레저,가솔린,3년이상,지방,팰리세이드_가솔린
308,2626,5,업무,상관없음,1~3년,지방,K8_하이브리드
604,4111,6,레저,전기,1~3년,지방,G80_전기
781,2899,6,출퇴근,하이브리드,1~3년,도심,그랜저_하이브리드
334,1089,6,가족용,전기,1~3년,지방,스포티지_가솔린
290,1683,5,가족용,전기,1년미만,도심,스포티지_가솔린
320,1935,6,출퇴근,하이브리드,1년미만,도심,아반떼_하이브리드
702,3164,6,가족용,상관없음,1~3년,도심,G80_전기
298,1038,3,출퇴근,전기,1~3년,도심,K5_가솔린
517,2818,1,가족용,전기,1~3년,지방,코나_전기
490,2886,2,업무,하이브리드,3년이상,도심,아반떼_하이브리드
672,3175,3,업무,가솔린,3년이상,도심,G80_가솔린
500,1503,3,가족용,디젤,3년이상,도심,스포티지_디젤
791,4619,6,가족용,가솔린,3년이상,도심,GV80_가솔린
232,2942,3,레저,하이브리드,3년이상,도심,스포티지_하이브리드
193,2391,3,출퇴근,하이브리드,3년이상,지방,아반떼_하이브리드
343,1595,2,업무,가솔린,1년미만,지방,아반떼_가솔린
412,948,6,가족용,상관없음,1년미만,지방,산타페_가솔린
511,1816,5,가족용,하이브리드,3년이상,지방,팰리세이드_하이브리드
214,3835,5,출퇴근,하이브리드,3년이상,지방,K8_하이브리드
792,951,6,출퇴근,하이브리드,3년이상,지방,그랜저_하이브리드
808,4848,5,업무,가솔린,3년이상,지방,그랜저_가솔린
253,3801,6,출퇴근,하이브리드,3년이상,지방,K8_하이브리드
671,3927,1,출퇴근,가솔린,3년이상,도심,G80_가솔린
466,3078,6,레저,하이브리드,3년이상,도심,팰리세이드_하이브리드
335,2109,4,가족용,하이브리드,1~3년,도심,K5_하이브리드
307,3150,6,가족용,전기,1~3년,도심,아이오닉6_전기
363,890,3,가족용,하이브리드,3년이상,도심,스포티지_하이브리드
399,4113,2,업무,하이브리드,1년미만,지방,아반떼_하이브리드
509,2828,4,레저,전기,1년미만,지방,코나_전기
367,2157,4,출퇴근,하이브리드,1~3년,도심,K5_하이브리드
750,4089,4,가족용,가솔린,3년이상,지방,GV80_가솔린
295,2073,3,레저,하이브리드,1~3년,지방,스포티지_하이브리드
388,2833,6,레저,하이브리드,3년이상,도심,팰리세이드_하이브리드
284,3109,5,업무,전기,1년미만,지방,코나_전기
434,930,1,가족용,하이브리드,3년이상,지방,산타페_하이브리드
150,2879,6,출퇴근,전기,3년이상,지방,K5_가솔린
466,1372,6,출퇴근,상관없음,1~3년,도심,그랜저_가솔린
389,2027,4,업무,하이브리드,3년이상,지방,쏘나타_하이브리드
618,3908,5,레저,전기,1~3년,지방,G80_전기
714,1501,4,가족용,디젤,1년미만,도심,스포티지_디젤
600,2372,6,가족용,상관없음,1년미만,도심,코나_전기
248,1680,4,업무,전기,1~3년,지방,K5_가솔린
342,3164,5,가족용,하이브리드,1~3년,도심,산타페_하이브리드
219,2093,3,출퇴근,상관없음,3년이상,지방,K5_가솔린
607,2364,4,업무,상관없음,1~3년,도심,G80_전기
364,2436,5,업무,하이브리드,3년이상,지방,K8_하이브리드
415,2145,6,레저,가솔린,3년이상,지방,팰리세이드_가솔린
311,1519,5,레저,하이브리드,1년미만,도심,스포티지_하이브리드
288,2178,2,가족용,가솔린,3년이상,지방,스포티지_가솔린
615,3894,4,가족용,가솔린,3년이상,지방,GV80_가솔린
434,5014,5,출퇴근,하이브리드,3년이상,지방,그랜저_하이브리드
808,4884,5,업무,가솔린,1~3년,지방,그랜저_가솔린
240,2595,3,가족용,가솔린,1년미만,지방,스포티지_가솔린
443,2654,5,가족용,전기,3년이상,도심,아이오닉6_전기
792,2656,4,출퇴근,전기,1~3년,도심,G80_전기
207,2908,6,가족용,상관없음,1~3년,지방,스포티지_가솔린
434,423,5,가족용,하이브리드,1년미만,지방,스포티지_하이브리드
302,985,4,업무,상관없음,1~3년,지방,K5_가솔린
400,2381,6,출퇴근,하이브리드,3년이상,지방,그랜저_하이브리드
387,4098,3,출퇴근,상관없음,1~3년,지방,쏘나타_하이브리드
249,1520,2,레저,전기,1년미만,도심,코나_가솔린
350,1923,4,레저,하이브리드,1년미만,도심,산타페_하이브리드
188,2924,4,출퇴근,가솔린,1~3년,지방,쏘나타_가솔린
811,3105,4,업무,상관없음,1년미만,지방,아반떼_가솔린
230,1198,4,레저,하이브리드,3년이상,지방,아반떼_하이브리드
482,564,6,출퇴근,가솔린,1~3년,지방,K8_가솔린
357,3145,3,출퇴근,상관없음,1~3년,도심,쏘나타_하이브리드
457,981,6,출퇴근,하이브리드,1~3년,도심,K8_하이브리드
233,1853,5,업무,상관없음,3년이상,도심,K5_가솔린
345,5073,6,업무,하이브리드,1~3년,도심,그랜저_하이브리드
348,5171,6,출퇴근,상관없음,3년이상,도심,그랜저_가솔린
160,2996,2,레저,가솔린,3년이상,지방,코나_가솔린
257,2654,3,업무,상관없음,1~3년,지방,쏘나타_가솔린
492,517,5,출퇴근,가솔린,1~3년,도심,K8_가솔린
152,2883,6,업무,상관없음,3년이상,도심,K5_가솔린
462,5162,5,가족용,가솔린,3년이상,지방,팰리세이드_가솔린
486,5075,6,가족용,가솔린,3년이상,도심,팰리세이드_가솔린
516,1347,6,업무,가솔린,1~3년,지방,그랜저_가솔린
130,2586,3,레저,디젤,1~3년,지방,셀토스_가솔린
295,1096,4,출퇴근,상관없음,1~3년,도심,K5_가솔린
491,3915,6,레저,가솔린,3년이상,도심,팰리세이드_가솔린
812,336,5,업무,전기,1~3년,도심,G80_전기
160,2802,6,가족용,가솔린,3년이상,지방,K5_가솔린
363,5129,6,레저,상관없음,3년이상,도심,팰리세이드_가솔린
210,2842,5,가족용,전기,1~3년,도심,EV6_전기
364,603,5,가족용,상관없음,1년미만,지방,스포티지_가솔린
287,676,2,업무,상관없음,1~3년,도심,아반떼_가솔린
314,4155,3,가족용,상관없음,1~3년,도심,산타페_가솔린
181,2410,2,업무,가솔린,1~3년,도심,아반떼_가솔린
584,1301,4,업무,상관없음,1~3년,지방,쏘나타_가솔린
613,4120,5,업무,전기,1~3년,도심,G80_전기
688,5041,6,출퇴근,하이브리드,3년이상,도심,그랜저_하이브리드
266,1504,3,가족용,상관없음,3년이상,도심,K5_가솔린
313,4158,3,업무,가솔린,3년이상,도심,쏘나타_가솔린
696,622,4,레저,상관없음,1년미만,지방,코나_가솔린
313,1906,6,가족용,전기,1~3년,도심,EV6_전기
230,2921,5,가족용,가솔린,1년미만,지방,산타페_가솔린
341,806,6,레저,가솔린,1년미만,지방,코나_가솔린
784,1573,6,레저,하이브리드,1~3년,지방,팰리세이드_하이브리드
303,3165,3,가족용,하이브리드,3년이상,지방,산타페_하이브리드
344,2662,3,출퇴근,하이브리드,1년미만,도심,아반떼_하이브리드
494,431,6,업무,상관없음,3년이상,도심,K8_가솔린
512,2655,6,레저,하이브리드,3년이상,도심,팰리세이드_하이브리드
261,1584,2,업무,전기,1년미만,도심,아반떼_가솔린
581,2871,5,레저,전기,3년이상,도심,G80_전기
410,2697,3,레저,가솔린,3년이상,도심,산타페_가솔린
290,2341,4,출퇴근,전기,1~3년,지방,쏘나타_하이브리드
661,4956,1,업무,가솔린,3년이상,지방,G80_가솔린
308,3105,5,업무,하이브리드,3년이상,지방,K8_하이브리드
353,2248,3,가족용,하이브리드,1~3년,도심,K5_하이브리드
482,512,5,출퇴근,상관없음,3년이상,도심,K8_하이브리드
312,2576,6,출퇴근,하이브리드,3년이상,도심,K8_하이브리드
169,2923,5,업무,하이브리드,3년이상,도심,쏘나타_하이브리드
320,454,4,출퇴근,상관없음,1~3년,도심,아반떼_가솔린
253,1138,2,업무,전기,3년이상,도심,아반떼_가솔린
399,4078,4,가족용,가솔린,3년이상,도심,산타페_가솔린
307,2476,6,레저,상관없음,1년미만,지방,코나_가솔린
130,3135,2,레저,전기,1년미만,지방,셀토스_가솔린
352,635,3,가족용,가솔린,1~3년,지방,쏘나타_가솔린
587,3872,6,출퇴근,가솔린,3년이상,지방,그랜저_가솔린
235,1806,4,출퇴근,디젤,3년이상,지방,K5_가솔린
138,3981,6,출퇴근,전기,1~3년,도심,EV6_전기
260,1503,4,출퇴근,가솔린,1~3년,도심,K5_가솔린
596,694,3,가족용,전기,1~3년,지방,산타페_가솔린
217,3899,5,가족용,전기,1~3년,도심,아이오닉6_전기
254,5172,5,레저,하이브리드,1~3년,도심,팰리세이드_하이브리드
296,1071,6,출퇴근,상관없음,1~3년,지방,K5_가솔린
655,3007,3,업무,가솔린,3년이상,도심,G80_가솔린
593,2849,6,레저,상관없음,1~3년,도심,팰리세이드_가솔린
603,4040,4,출퇴근,가솔린,3년이상,지방,그랜저_가솔린
436,313,6,출퇴근,전기,3년이상,도심,EV6_전기
812,1099,6,업무,하이브리드,1~3년,지방,그랜저_하이브리드
446,3115,4,출퇴근,가솔린,3년이상,도심,그랜저_가솔린
317,1677,4,가족용,하이브리드,3년이상,도심,K5_하이브리드
402,1469,5,업무,상관없음,1~3년,지방,K8_하이브리드
796,2127,6,업무,하이브리드,1~3년,지방,그랜저_하이브리드
508,4043,3,업무,가솔린,1~3년,지방,쏘나타_가솔린
342,2194,5,가족용,전기,3년이상,도심,아이오닉6_전기
345,2174,5,출퇴근,하이브리드,1~3년,지방,K8_하이브리드
580,1814,5,레저,하이브리드,3년이상,도심,팰리세이드_하이브리드
396,4126,3,출퇴근,하이브리드,1~3년,도심,쏘나타_하이브리드
787,679,3,레저,하이브리드,1년미만,도심,산타페_하이브리드
404,1036,5,업무,상관없음,3년이상,도심,쏘나타_가솔린
470,1678,4,가족용,전기,1년미만,도심,코나_전기
775,4166,3,업무,가솔린,3년이상,도심,G80_가솔린
480,3184,5,가족용,전기,1~3년,도심,아이오닉6_전기
390,554,6,출퇴근,전기,1~3년,도심,EV6_전기
132,4855,2,레저,상관없음,3년이상,지방,셀토스_가솔린
380,2195,4,가족용,하이브리드,3년이상,도심,K5_하이브리드
263,1475,5,업무,상관없음,1~3년,도심,K5_가솔린
289,3809,5,레저,가솔린,1년미만,지방,코나_가솔린
398,672,6,가족용,하이브리드,1년미만,도심,스포티지_하이브리드
682,2480,6,업무,하이브리드,1~3년,지방,그랜저_하이브리드
243,2859,3,레저,하이브리드,3년이상,지방,스포티지_하이브리드
350,1423,2,레저,하이브리드,3년이상,도심,스포티지_하이브리드
296,1132,3,출퇴근,가솔린,3년이상,도심,K5_가솔린
620,1063,2,레저,가솔린,3년이상,도심,코나_가솔린
195,1936,5,출퇴근,하이브리드,3년이상,지방,아반떼_하이브리드
355,3803,6,업무,하이브리드,3년이상,도심,그랜저_하이브리드
198,2834,4,업무,전기,1~3년,도심,EV6_전기
167,5152,5,레저,전기,1년미만,도심,코나_전기
603,1978,5,출퇴근,하이브리드,3년이상,지방,그랜저_하이브리드
603,2355,5,가족용,하이브리드,3년이상,도심,팰리세이드_하이브리드
409,1644,6,가족용,상관없음,3년이상,도심,산타페_가솔린
705,3978,6,레저,상관없음,1~3년,도심,팰리세이드_가솔린
182,2633,2,업무,상관없음,3년이상,도심,아반떼_가솔린
814,4049,6,출퇴근,하이브리드,3년이상,도심,그랜저_하이브리드
454,3151,4,출퇴근,가솔린,3년이상,도심,그랜저_가솔린
462,3898,3,레저,하이브리드,3년이상,지방,산타페_하이브리드
355,1599,4,가족용,하이브리드,3년이상,도심,K5_하이브리드
806,871,1,출퇴근,전기,1~3년,도심,코나_전기
458,3852,1,출퇴근,전기,3년이상,도심,코나_전기
382,3851,6,가족용,하이브리드,3년이상,도심,팰리세이드_하이브리드
395,822,6,가족용,하이브리드,1년미만,도심,스포티지_하이브리드
365,1348,1,업무,전기,1년미만,도심,코나_전기
808,1380,6,가족용,가솔린,3년이상,지방,팰리세이드_가솔린
307,1649,4,가족용,하이브리드,3년이상,도심,스포티지_하이브리드
281,2373,6,출퇴근,전기,1~3년,도심,EV6_전기
262,2003,5,레저,가솔린,3년이상,도심,스포티지_가솔린
382,1818,5,출퇴근,상관없음,3년이상,지방,K8_하이브리드
797,391,3,출퇴근,하이브리드,3년이상,도심,쏘나타_하이브리드
713,3143,6,출퇴근,전기,1~3년,지방,G80_전기
264,4923,2,가족용,하이브리드,1~3년,도심,산타페_하이브리드
182,4825,2,업무,디젤,1~3년,도심,스포티지_디젤
696,4860,6,가족용,상관없음,1~3년,지방,산타페_가솔린
243,2662,5,가족용,전기,3년이상,도심,EV6_전기
134,3147,1,레저,가솔린,1년미만,도심,셀토스_가솔린
781,2840,6,업무,하이브리드,3년이상,지방,그랜저_하이브리드
433,941,5,가족용,가솔린,1~3년,도심,산타페_가솔린
814,1014,4,출퇴근,전기,1~3년,지방,G80_전기
389,1668,3,출퇴근,하이브리드,1~3년,도심,K5_하이브리드
719,389,2,가족용,전기,3년이상,지방,코나_전기
361,1332,2,업무,전기,1~3년,지방,코나_전기
354,351,3,업무,전기,3년이상,지방,K5_가솔린
791,1627,6,업무,디젤,1년미만,도심,스포티지_디젤
252,2351,6,가족용,전기,3년이상,도심,EV6_전기
615,3899,6,출퇴근,하이브리드,1~3년,도심,그랜저_하이브리드
496,2885,5,출퇴근,하이브리드,1~3년,도심,그랜저_하이브리드
302,1633,2,가족용,하이브리드,3년이상,도심,스포티지_하이브리드
258,4087,4,업무,상관없음,1~3년,도심,쏘나타_가솔린
782,4951,6,출퇴근,전기,1~3년,도심,G80_전기
815,4062,6,출퇴근,상관없음,1~3년,도심,G80_전기
460,5133,2,가족용,전기,1~3년,도심,코나_전기
342,663,6,출퇴근,상관없음,3년이상,도심,쏘나타_가솔린
481,4853,3,업무,상관없음,1~3년,지방,쏘나타_가솔린
416,4033,5,출퇴근,상관없음,3년이상,지방,그랜저_가솔린
181,2426,6,가족용,가솔린,3년이상,지방,K5_가솔린
439,4837,3,레저,가솔린,1년미만,도심,코나_가솔린
802,1312,3,업무,전기,3년이상,지방,G80_전기
466,1399,4,가족용,전기,3년이상,지방,산타페_가솔린
494,4143,5,레저,하이브리드,3년이상,도심,팰리세이드_하이브리드
449,2365,2,출퇴근,상관없음,1~3년,도심,아반떼_가솔린
397,814,6,출퇴근,전기,1~3년,도심,EV6_전기
432,2899,5,가족용,전기,1~3년,도심,아이오닉6_전기
431,1693,5,가족용,전기,3년이상,도심,아이오닉6_전기
303,2808,5,업무,상관없음,3년이상,도심,K8_가솔린
708,841,5,업무,하이브리드,1~3년,도심,그랜저_하이브리드
409,1345,3,업무,하이브리드,1~3년,도심,쏘나타_하이브리드
148,2600,5,업무,하이브리드,1~3년,지방,아반떼_하이브리드
254,2036,5,가족용,상관없음,3년이상,지방,스포티지_가솔린
420,985,3,가족용,하이브리드,1년미만,지방,산타페_하이브리드
153,4049,5,가족용,전기,3년이상,도심,EV6_전기
252,2994,6,출퇴근,상관없음,3년이상,지방,쏘나타_하이브리드
405,2530,2,레저,상관없음,3년이상,도심,코나_전기
285,5059,1,업무,상관없음,1년미만,도심,코나_전기
458,3973,2,업무,디젤,1~3년,지방,스포티지_디젤
500,1669,3,출퇴근,가솔린,1~3년,지방,쏘나타_가솔린
507,5155,6,업무,전기,1~3년,도심,G80_전기
581,1410,3,출퇴근,하이브리드,1년미만,지방,아반떼_하이브리드
282,1862,6,가족용,전기,1~3년,도심,EV6_전기
332,2445,6,업무,전기,3년이상,지방,K8_가솔린
434,4197,6,가족용,전기,1~3년,도심,아이오닉6_전기
237,2886,4,레저,하이브리드,1년미만,도심,스포티지_하이브리드
284,1524,5,업무,전기,1~3년,도심,쏘나타_가솔린
715,508,5,출퇴근,상관없음,1~3년,도심,그랜저_가솔린
286,1431,2,레저,상관없음,1년미만,도심,코나_가솔린
698,1333,4,가족용,하이브리드,3년이상,도심,산타페_하이브리드
440,894,5,가족용,전기,1~3년,도심,아이오닉6_전기
685,1103,3,가족용,가솔린,3년이상,지방,산타페_가솔린
352,2547,5,출퇴근,하이브리드,1~3년,지방,K8_하이브리드
514,3887,6,출퇴근,가솔린,1~3년,도심,그랜저_가솔린
339,2304,6,업무,전기,3년이상,지방,K8_가솔린
461,4909,4,출퇴근,하이브리드,1~3년,도심,쏘나타_하이브리드
482,1004,6,업무,하이브리드,1~3년,도심,K8_하이브리드
145,5024,5,레저,전기,1~3년,지방,코나_전기
413,3110,5,레저,가솔린,3년이상,도심,팰리세이드_가솔린
698,2853,3,업무,전기,1~3년,도심,G80_전기
819,1955,6,출퇴근,하이브리드,3년이상,도심,그랜저_하이브리드
600,4387,6,가족용,가솔린,3년이상,도심,GV80_가솔린
798,3159,1,출퇴근,하이브리드,1~3년,도심,아반떼_하이브리드
720,3212,4,레저,가솔린,3년이상,도심,GV80_가솔린
308,1430,3,가족용,상관없음,1~3년,도심,스포티지_가솔린
456,2980,5,업무,상관없음,1~3년,도심,그랜저_가솔린
667,3553,6,레저,가솔린,3년이상,지방,GV80_가솔린
320,5063,5,출퇴근,전기,3년이상,도심,아이오닉6_전기
314,2386,4,업무,상관없음,3년이상,도심,쏘나타_가솔린
361,3037,6,출퇴근,전기,1년미만,도심,코나_전기
304,2698,6,업무,가솔린,1~3년,지방,K8_가솔린
389,3890,6,출퇴근,상관없음,3년이상,도심,그랜저_가솔린
262,4014,5,레저,상관없음,1~3년,지방,팰리세이드_가솔린
484,2928,2,업무,상관없음,3년이상,도심,코나_전기
388,654,5,출퇴근,전기,1년미만,도심,코나_전기
408,483,1,업무,하이브리드,1년미만,지방,아반떼_하이브리드
349,2973,5,출퇴근,전기,3년이상,도심,아이오닉6_전기
231,2434,2,업무,하이브리드,1~3년,지방,아반떼_하이브리드
331,633,6,업무,가솔린,1~3년,지방,K5_가솔린
355,1961,4,가족용,하이브리드,3년이상,도심,산타페_하이브리드
347,1147,5,레저,상관없음,1~3년,지방,스포티지_가솔린
400,1907,6,출퇴근,하이브리드,1~3년,지방,K8_하이브리드
413,4004,6,업무,가솔린,1~3년,지방,그랜저_가솔린
133,2537,5,레저,전기,1년미만,지방,셀토스_가솔린
347,2553,2,레저,하이브리드,1년미만,도심,아반떼_하이브리드
801,950,4,레저,디젤,1년미만,지방,스포티지_디젤
362,537,5,업무,가솔린,1~3년,도심,쏘나타_가솔린
344,860,1,가족용,가솔린,3년이상,도심,스포티지_가솔린
397,2110,2,업무,디젤,3년이상,도심,스포티지_디젤
401,1545,5,업무,상관없음,3년이상,도심,K8_가솔린
394,5143,3,가족용,하이브리드,3년이상,도심,산타페_하이브리드
418,4056,3,업무,상관없음,1~3년,지방,쏘나타_가솔린
203,3031,4,가족용,하이브리드,3년이상,도심,스포티지_하이브리드
394,1416,4,업무,가솔린,3년이상,지방,쏘나타_가솔린
396,607,5,가족용,하이브리드,1년미만,지방,스포티지_하이브리드
716,4199,6,가족용,상관없음,3년이상,지방,팰리세이드_가솔린
254,4807,5,레저,상관없음,1~3년,도심,팰리세이드_가솔린
183,4092,5,업무,하이브리드,1년미만,지방,아반떼_하이브리드
348,1894,5,가족용,전기,1~3년,도심,아이오닉6_전기
242,2365,3,가족용,하이브리드,1년미만,도심,스포티지_하이브리드
702,695,5,레저,하이브리드,1년미만,도심,산타페_하이브리드
314,1313,5,업무,전기,1~3년,도심,쏘나타_가솔린
390,681,5,출퇴근,전기,1~3년,지방,쏘나타_하이브리드
138,2087,3,업무,상관없음,1~3년,지방,아반떼_가솔린
188,3159,2,레저,가솔린,3년이상,지방,코나_가솔린
314,307,6,레저,상관없음,1~3년,지방,셀토스_가솔린
370,2150,3,출퇴근,하이브리드,1년미만,지방,아반떼_하이브리드
816,330,4,업무,상관없음,3년이상,지방,쏘나타_가솔린
702,2605,5,레저,전기,3년이상,지방,G80_전기
436,944,1,출퇴근,디젤,1년미만,도심,아반떼_가솔린
809,4986,5,업무,가솔린,3년이상,지방,그랜저_가솔린
436,1027,2,가족용,가솔린,1년미만,지방,아반떼_가솔린
680,2927,6,출퇴근,전기,1년미만,도심,G80_전기
508,1424,6,가족용,하이브리드,3년이상,지방,팰리세이드_하이브리드
195,1498,4,가족용,상관없음,1~3년,도심,아반떼_가솔린
432,1545,5,출퇴근,하이브리드,3년이상,도심,K8_하이브리드
675,4092,3,출퇴근,가솔린,3년이상,지방,G80_가솔린
701,1015,6,레저,상관없음,3년이상,도심,팰리세이드_가솔린
409,840,5,가족용,전기,1~3년,도심,EV6_전기
354,1030,2,가족용,하이브리드,1~3년,도심,스포티지_하이브리드
264,3071,5,가족용,하이브리드,1~3년,지방,산타페_하이브리드
591,2365,1,레저,상관없음,1~3년,지방,코나_가솔린
333,5098,6,레저,하이브리드,3년이상,도심,팰리세이드_하이브리드
795,2928,5,레저,하이브리드,3년이상,지방,팰리세이드_하이브리드
377,1523,2,출퇴근,하이브리드,1~3년,도심,K5_하이브리드
729,4136,6,가족용,가솔린,3년이상,도심,GV80_가솔린
367,5069,5,업무,상관없음,1~3년,도심,그랜저_가솔린
160,2647,6,가족용,상관없음,1~3년,도심,K5_가솔린
308,1407,5,가족용,가솔린,3년이상,지방,스포티지_가솔린
461,2159,5,출퇴근,전기,3년이상,도심,아이오닉6_전기
415,334,6,가족용,상관없음,1~3년,지방,스포티지_가솔린
610,1655,6,출퇴근,디젤,3년이상,도심,스포티지_디젤
160,2926,6,업무,가솔린,1~3년,도심,쏘나타_가솔린
465,2688,5,가족용,전기,1~3년,도심,아이오닉6_전기
203,3932,6,업무,상관없음,3년이상,지방,K8_가솔린
717,1314,3,레저,하이브리드,1년미만,도심,산타페_하이브리드
267,2148,6,가족용,전기,1~3년,도심,EV6_전기
453,505,1,레저,전기,3년이상,지방,코나_전기
199,4048,5,업무,상관없음,3년이상,도심,K8_가솔린
315,1496,5,레저,상관없음,1~3년,지방,스포티지_가솔린
619,4164,1,출퇴근,하이브리드,1년미만,도심,아반떼_하이브리드
395,1596,5,업무,하이브리드,1~3년,도심,K8_하이브리드
332,2597,5,업무,하이브리드,1~3년,지방,K8_하이브리드
290,1908,5,가족용,전기,3년이상,도심,EV6_전기
403,372,3,레저,전기,1~3년,도심,EV6_전기
268,861,5,레저,전기,1년미만,도심,셀토스_가솔린
780,1342,4,업무,전기,3년이상,도심,G80_전기
395,942,4,레저,디젤,3년이상,지방,스포티지_디젤
463,1397,5,업무,하이브리드,3년이상,도심,그랜저_하이브리드
586,1174,5,가족용,하이브리드,3년이상,지방,팰리세이드_하이브리드
151,2459,3,업무,가솔린,1년미만,도심,아반떼_가솔린
605,2343,4,업무,하이브리드,1년미만,지방,아반떼_하이브리드
280,1850,3,가족용,하이브리드,1년미만,지방,스포티지_하이브리드
811,1948,6,레저,하이브리드,3년이상,도심,팰리세이드_하이브리드
268,890,4,출퇴근,상관없음,3년이상,도심,아반떼_가솔린
214,2149,3,출퇴근,전기,1~3년,도심,K5_가솔린
686,671,5,가족용,전기,1~3년,도심,아이오닉6_전기
694,3218,4,레저,가솔린,3년이상,도심,GV80_가솔린
414,1438,5,업무,가솔린,1~3년,지방,K8_가솔린
158,3932,6,업무,가솔린,1~3년,지방,쏘나타_가솔린
706,1056,6,레저,가솔린,3년이상,지방,팰리세이드_가솔린
359,1152,1,레저,디젤,1~3년,지방,스포티지_디젤
814,2902,4,업무,전기,3년이상,지방,G80_전기
231,2572,6,가족용,가솔린,1~3년,지방,스포티지_가솔린
380,645,2,업무,상관없음,1년미만,지방,아반떼_가솔린
304,1093,5,가족용,가솔린,1~3년,도심,쏘나타_가솔린
307,3875,3,가족용,하이브리드,3년이상,지방,산타페_하이브리드
343,2154,1,가족용,전기,1년미만,도심,코나_전기
390,2963,5,업무,하이브리드,1~3년,지방,그랜저_하이브리드
724,3783,4,가족용,가솔린,3년이상,지방,GV80_가솔린
417,2556,5,레저,가솔린,3년이상,지방,팰리세이드_가솔린
366,377,6,출퇴근,가솔린,3년이상,지방,쏘나타_가솔린
355,5069,4,업무,상관없음,1년미만,도심,코나_전기
470,968,5,출퇴근,전기,3년이상,도심,아이오닉6_전기
481,2907,6,레저,하이브리드,3년이상,지방,팰리세이드_하이브리드
801,1083,2,업무,전기,1~3년,도심,코나_전기
349,849,2,가족용,상관없음,1~3년,도심,스포티지_가솔린
611,2152,4,가족용,하이브리드,1년미만,도심,산타페_하이브리드
713,572,3,레저,상관없음,1년미만,지방,코나_가솔린
438,3063,5,출퇴근,전기,1년미만,지방,아반떼_가솔린
417,1064,3,업무,하이브리드,3년이상,지방,쏘나타_하이브리드
743,3213,2,업무,가솔린,3년이상,지방,G80_가솔린
495,2827,3,레저,가솔린,3년이상,지방,산타페_가솔린
185,2429,4,출퇴근,가솔린,3년이상,도심,K5_가솔린
391,3896,5,가족용,가솔린,3년이상,도심,팰리세이드_가솔린
341,1191,4,가족용,가솔린,3년이상,지방,스포티지_가솔린
692,4849,4,가족용,전기,3년이상,도심,G80_전기
683,3089,5,출퇴근,전기,1~3년,도심,G80_전기
499,3956,5,출퇴근,상관없음,3년이상,도심,G80_전기
134,2491,4,레저,디젤,1~3년,지방,셀토스_가솔린
285,1170,6,업무,가솔린,3년이상,도심,K5_가솔린
715,2101,2,출퇴근,가솔린,3년이상,도심,아반떼_가솔린
341,846,3,출퇴근,상관없음,3년이상,지방,쏘나타_하이브리드
711,4019,5,출퇴근,상관없음,1~3년,지방,그랜저_가솔린
442,4146,6,출퇴근,하이브리드,3년이상,지방,그랜저_하이브리드
336,2332,5,출퇴근,가솔린,3년이상,지방,K8_가솔린
717,2474,5,출퇴근,하이브리드,3년이상,지방,그랜저_하이브리드
698,1968,2,가족용,하이브리드,1~3년,지방,산타페_하이브리드
377,1963,2,가족용,하이브리드,3년이상,도심,K5_하이브리드
483,4129,1,가족용,가솔린,1~3년,지방,산타페_가솔린
394,3873,5,가족용,가솔린,3년이상,도심,팰리세이드_가솔린
607,522,6,레저,하이브리드,3년이상,도심,팰리세이드_하이브리드
310,4830,6,가족용,전기,1~3년,도심,아이오닉6_전기
815,1469,3,가족용,상관없음,3년이상,지방,산타페_가솔린
257,1633,3,업무,가솔린,3년이상,도심,K5_가솔린
492,857,6,출퇴근,하이브리드,1~3년,지방,K8_하이브리드
216,2112,4,출퇴근,전기,1~3년,도심,K5_가솔린
311,1999,3,가족용,하이브리드,1~3년,도심,K5_하이브리드
414,1522,5,업무,상관없음,1~3년,지방,그랜저_가솔린
133,2517,1,레저,전기,3년이상,도심,셀토스_가솔린
234,1388,6,출퇴근,디젤,1년미만,지방,아반떼_가솔린
296,3989,6,가족용,전기,1~3년,도심,아이오닉6_전기
293,4941,6,가족용,가솔린,1년미만,지방,산타페_가솔린
604,3996,1,출퇴근,가솔린,3년이상,도심,G80_가솔린
146,4107,3,업무,하이브리드,1~3년,지방,쏘나타_하이브리드
155,4148,4,가족용,상관없음,3년이상,지방,산타페_하이브리드
331,690,4,업무,가솔린,3년이상,지방,K5_가솔린
164,3825,5,가족용,상관없음,1년미만,지방,스포티지_하이브리드
282,3037,5,업무,가솔린,3년이상,지방,K8_가솔린
440,1080,1,가족용,상관없음,3년이상,지방,산타페_가솔린
214,2630,4,가족용,전기,1년미만,도심,스포티지_가솔린
382,3992,5,출퇴근,하이브리드,3년이상,지방,그랜저_하이브리드
795,361,3,업무,가솔린,3년이상,지방,쏘나타_가솔린
133,3186,1,레저,디젤,1~3년,도심,셀토스_가솔린
192,3972,6,업무,전기,1년미만,도심,코나_전기
130,3149,1,레저,상관없음,1년미만,지방,셀토스_가솔린
788,2860,2,가족용,가솔린,1년미만,지방,아반떼_가솔린
706,1881,3,가족용,하이브리드,1년미만,지방,산타페_하이브리드
756,3671,1,업무,가솔린,3년이상,지방,G80_가솔린
354,406,6,업무,상관없음,3년이상,도심,K5_가솔린
648,4429,5,가족용,가솔린,3년이상,도심,GV80_가솔린
490,4892,5,출퇴근,하이브리드,3년이상,도심,그랜저_하이브리드
246,4986,3,가족용,가솔린,1년미만,도심,산타페_가솔린
270,845,1,레저,디젤,3년이상,도심,셀토스_가솔린
383,866,2,레저,하이브리드,1~3년,도심,스포티지_하이브리드
667,3059,4,레저,가솔린,3년이상,도심,GV80_가솔린
406,3064,6,출퇴근,상관없음,3년이상,도심,그랜저_가솔린
216,1571,3,업무,전기,3년이상,지방,아반떼_가솔린
245,2460,5,가족용,하이브리드,1~3년,지방,스포티지_하이브리드
264,1934,6,출퇴근,가솔린,1년미만,도심,아반떼_가솔린
194,4036,6,출퇴근,전기,1~3년,지방,K8_하이브리드
134,3006,3,레저,디젤,1~3년,지방,셀토스_가솔린
438,1056,6,가족용,가솔린,1년미만,지방,산타페_가솔린
431,5172,4,가족용,상관없음,3년이상,도심,산타페_가솔린
717,1929,3,업무,가솔린,1~3년,도심,쏘나타_가솔린
337,1686,4,출퇴근,하이브리드,3년이상,도심,K5_하이브리드
384,4049,4,업무,가솔린,1~3년,도심,쏘나타_가솔린
790,4980,3,가족용,전기,1~3년,지방,산타페_가솔린
265,4004,1,가족용,가솔린,1~3년,지방,산타페_가솔린
212,3877,5,업무,상관없음,3년이상,지방,K8_가솔린
355,687,6,레저,전기,3년이상,지방,스포티지_가솔린
284,2697,4,가족용,상관없음,1년미만,도심,코나_전기
702,4566,5,레저,가솔린,3년이상,도심,GV80_가솔린
677,3040,4,레저,가솔린,3년이상,도심,GV80_가솔린
302,1101,4,출퇴근,상관없음,1~3년,지방,K5_가솔린
466,1356,6,레저,전기,1~3년,지방,코나_전기
202,3927,6,업무,하이브리드,3년이상,지방,K8_하이브리드
407,4978,4,업무,가솔린,3년이상,지방,쏘나타_가솔린
517,1555,1,출퇴근,상관없음,1~3년,지방,아반떼_가솔린
234,2399,6,가족용,상관없음,1~3년,지방,스포티지_가솔린
335,1161,6,가족용,상관없음,1~3년,도심,스포티지_가솔린
692,1014,5,출퇴근,전기,3년이상,도심,아이오닉6_전기
270,2499,6,출퇴근,전기,1~3년,도심,EV6_전기
164,3906,6,출퇴근,전기,3년이상,도심,EV6_전기
187,2334,5,업무,디젤,3년이상,지방,K5_가솔린
388,1587,4,가족용,하이브리드,1~3년,도심,K5_하이브리드
333,1805,6,가족용,전기,1~3년,도심,EV6_전기
440,1506,5,레저,하이브리드,1~3년,지방,산타페_하이브리드
454,1029,5,업무,상관없음,1~3년,지방,그랜저_가솔린
303,1687,6,출퇴근,가솔린,3년이상,도심,쏘나타_가솔린
506,474,2,레저,가솔린,1~3년,지방,코나_가솔린
706,2949,6,가족용,하이브리드,3년이상,도심,팰리세이드_하이브리드
212,2022,3,출퇴근,전기,3년이상,지방,K5_가솔린
492,2575,1,레저,가솔린,1년미만,지방,코나_가솔린
133,2484,3,레저,가솔린,3년이상,도심,셀토스_가솔린
458,3863,5,가족용,디젤,3년이상,도심,스포티지_디젤
812,5196,6,업무,가솔린,1~3년,지방,그랜저_가솔린
485,4901,1,레저,상관없음,1~3년,지방,코나_가솔린
361,2201,4,출퇴근,하이브리드,3년이상,도심,K5_하이브리드
132,2826,6,레저,상관없음,1년미만,지방,셀토스_가솔린
454,1041,5,출퇴근,하이브리드,3년이상,지방,K8_하이브리드
185,3111,2,출퇴근,하이브리드,1~3년,지방,아반떼_하이브리드
415,922,5,출퇴근,전기,1~3년,도심,아이오닉6_전기
345,4185,5,레저,상관없음,3년이상,도심,팰리세이드_가솔린
362,334,3,가족용,상관없음,1~3년,도심,K5_가솔린
467,810,5,출퇴근,가솔린,1~3년,도심,K8_가솔린
338,2310,6,출퇴근,하이브리드,3년이상,지방,K8_하이브리드
305,2663,5,출퇴근,상관없음,3년이상,도심,K8_하이브리드
261,1151,5,가족용,가솔린,1년미만,지방,아반떼_가솔린
186,2968,6,가족용,하이브리드,1~3년,도심,스포티지_하이브리드
594,2803,4,출퇴근,하이브리드,1~3년,지방,쏘나타_하이브리드
208,3035,6,가족용,전기,1~3년,도심,EV6_전기
809,3853,2,레저,상관없음,1~3년,지방,코나_가솔린
588,3838,5,출퇴근,디젤,3년이상,도심,스포티지_디젤
341,4125,4,출퇴근,디젤,1~3년,지방,스포티지_디젤
736,3885,1,업무,가솔린,3년이상,도심,G80_가솔린
305,1807,5,출퇴근,전기,1~3년,도심,EV6_전기
419,4977,5,가족용,전기,1~3년,도심,G80_전기
335,851,6,업무,하이브리드,3년이상,도심,쏘나타_하이브리드
362,4090,3,출퇴근,전기,1~3년,지방,쏘나타_하이브리드
509,5105,3,업무,가솔린,3년이상,도심,쏘나타_가솔린
637,4390,4,레저,가솔린,3년이상,지방,GV80_가솔린
316,818,3,출퇴근,디젤,3년이상,도심,K5_가솔린
300,4096,2,레저,상관없음,1년미만,지방,코나_가솔린
318,2878,6,업무,하이브리드,3년이상,도심,K8_하이브리드
314,1877,1,업무,가솔린,1년미만,지방,아반떼_가솔린
248,2454,1,가족용,하이브리드,1~3년,도심,스포티지_하이브리드
503,1061,5,가족용,전기,3년이상,도심,아이오닉6_전기
351,2130,6,업무,가솔린,3년이상,지방,K8_가솔린
404,886,5,가족용,하이브리드,3년이상,도심,스포티지_하이브리드
294,4803,3,출퇴근,상관없음,1~3년,도심,쏘나타_하이브리드
647,3816,2,출퇴근,가솔린,3년이상,지방,G80_가솔린
355,4172,5,업무,가솔린,1~3년,도심,그랜저_가솔린
712,3697,2,업무,가솔린,3년이상,도심,G80_가솔린
373,1724,4,가족용,하이브리드,3년이상,도심,K5_하이브리드
343,2199,6,업무,하이브리드,1~3년,지방,K8_하이브리드
297,1446,6,가족용,하이브리드,1년미만,지방,아반떼_하이브리드
153,2505,4,레저,디젤,1~3년,지방,코나_가솔린
795,1664,1,레저,하이브리드,3년이상,도심,산타페_하이브리드
368,3846,6,출퇴근,하이브리드,3년이상,지방,그랜저_하이브리드
790,676,6,업무,하이브리드,1~3년,도심,그랜저_하이브리드
393,2141,1,가족용,상관없음,1~3년,도심,코나_전기
195,5175,4,가족용,가솔린,1~3년,도심,산타페_가솔린
796,3550,1,업무,가솔린,3년이상,도심,G80_가솔린
361,1973,6,출퇴근,전기,1~3년,지방,K8_하이브리드
342,1496,2,가족용,하이브리드,3년이상,도심,스포티지_하이브리드
198,2648,3,가족용,전기,1년미만,도심,스포티지_가솔린
621,3357,6,가족용,가솔린,3년이상,지방,GV80_가솔린
340,995,1,업무,하이브리드,1년미만,지방,아반떼_하이브리드
348,1317,3,가족용,가솔린,3년이상,지방,스포티지_가솔린
415,1164,5,출퇴근,전기,1년미만,도심,코나_전기
432,1881,3,레저,가솔린,1~3년,지방,산타페_가솔린
232,5039,6,출퇴근,가솔린,1~3년,지방,그랜저_가솔린
134,2634,2,레저,전기,1~3년,지방,셀토스_가솔린
203,3151,6,레저,하이브리드,3년이상,지방,스포티지_하이브리드
350,439,4,출퇴근,디젤,1년미만,지방,아반떼_가솔린
234,2590,5,출퇴근,전기,3년이상,도심,EV6_전기
370,1943,5,업무,상관없음,1~3년,지방,K8_가솔린
397,316,6,업무,전기,1~3년,지방,쏘나타_가솔린
407,3861,2,출퇴근,디젤,1년미만,지방,아반떼_가솔린
241,2556,6,출퇴근,전기,1~3년,도심,EV6_전기
308,1507,6,업무,전기,1년미만,도심,EV6_전기
494,2937,2,업무,하이브리드,1~3년,도심,아반떼_하이브리드
130,3953,2,레저,디젤,1년미만,지방,셀토스_가솔린
512,361,6,레저,가솔린,1~3년,도심,산타페_가솔린
456,3147,5,출퇴근,전기,1년미만,지방,아반떼_가솔린
409,2521,3,출퇴근,상관없음,1~3년,지방,쏘나타_하이브리드
599,2149,5,출퇴근,가솔린,1~3년,지방,그랜저_가솔린
250,1604,3,업무,가솔린,1~3년,도심,K5_가솔린
207,1536,2,출퇴근,전기,1~3년,지방,아반떼_가솔린
815,3919,2,가족용,가솔린,1~3년,도심,산타페_가솔린
211,2815,6,레저,하이브리드,1~3년,도심,스포티지_하이브리드
751,3350,3,출퇴근,가솔린,3년이상,도심,G80_가솔린
296,2951,6,업무,전기,1~3년,지방,그랜저_가솔린
217,3852,6,출퇴근,상관없음,3년이상,지방,K8_하이브리드
641,3869,5,레저,가솔린,3년이상,도심,GV80_가솔린
131,3067,6,레저,상관없음,3년이상,도심,셀토스_가솔린
264,2835,3,가족용,하이브리드,3년이상,도심,산타페_하이브리드
519,4080,4,레저,디젤,1~3년,지방,스포티지_디젤
380,2245,2,출퇴근,하이브리드,3년이상,도심,K5_하이브리드
257,2433,5,업무,상관없음,1~3년,지방,쏘나타_가솔린
341,1683,5,가족용,상관없음,3년이상,도심,산타페_가솔린
481,1067,6,출퇴근,전기,3년이상,도심,아이오닉6_전기
420,2481,5,가족용,전기,1~3년,도심,아이오닉6_전기
314,2700,6,출퇴근,전기,1~3년,지방,K8_하이브리드
690,2626,5,레저,상관없음,1~3년,도심,팰리세이드_가솔린
606,4792,5,레저,가솔린,3년이상,도심,GV80_가솔린
219,3975,5,가족용,전기,1~3년,도심,아이오닉6_전기
582,4031,1,레저,가솔린,1~3년,도심,코나_가솔린
199,4051,6,업무,상관없음,1~3년,지방,K8_가솔린
799,3001,3,출퇴근,가솔린,3년이상,도심,그랜저_가솔린
456,5064,6,가족용,가솔린,1~3년,도심,산타페_가솔린
342,2388,4,가족용,하이브리드,3년이상,도심,K5_하이브리드
480,540,5,출퇴근,하이브리드,1~3년,도심,K8_하이브리드
132,2630,3,레저,디젤,1~3년,도심,셀토스_가솔린
308,1644,3,가족용,가솔린,3년이상,도심,스포티지_가솔린
405,1854,6,가족용,전기,3년이상,도심,아이오닉6_전기
691,2932,4,업무,하이브리드,1~3년,도심,쏘나타_하이브리드
509,4982,4,출퇴근,상관없음,3년이상,도심,G80_전기
442,5135,6,레저,하이브리드,3년이상,지방,팰리세이드_하이브리드
133,2663,6,레저,가솔린,1년미만,도심,셀토스_가솔린
370,3141,6,출퇴근,하이브리드,3년이상,도심,그랜저_하이브리드
231,2123,3,업무,상관없음,3년이상,도심,쏘나타_가솔린
130,3091,2,레저,전기,1~3년,도심,셀토스_가솔린
185,3955,3,업무,가솔린,1~3년,지방,쏘나타_가솔린
710,651,5,레저,가솔린,1~3년,도심,팰리세이드_가솔린
308,2487,5,가족용,하이브리드,3년이상,지방,산타페_하이브리드
699,4220,2,출퇴근,가솔린,3년이상,지방,G80_가솔린
642,3599,2,출퇴근,가솔린,3년이상,지방,G80_가솔린
242,1829,2,출퇴근,디젤,1년미만,지방,아반떼_가솔린
592,5002,6,레저,상관없음,3년이상,도심,팰리세이드_가솔린
367,827,4,가족용,가솔린,1~3년,지방,스포티지_가솔린
502,4027,6,출퇴근,전기,1년미만,도심,G80_전기
196,2033,3,가족용,디젤,1년미만,도심,아반떼_가솔린
815,672,4,레저,디젤,1~3년,도심,스포티지_디젤
144,4106,1,출퇴근,하이브리드,1~3년,도심,아반떼_하이브리드
245,2331,5,가족용,전기,1~3년,도심,EV6_전기
504,375,5,가족용,전기,3년이상,도심,아이오닉6_전기
335,2531,2,가족용,하이브리드,1~3년,지방,산타페_하이브리드
312,587,2,업무,하이브리드,1~3년,지방,아반떼_하이브리드
353,1919,3,가족용,가솔린,3년이상,지방,산타페_가솔린
231,5196,5,가족용,전기,3년이상,도심,아이오닉6_전기
283,1844,4,출퇴근,디젤,3년이상,도심,스포티지_디젤
807,4821,4,출퇴근,전기,1~3년,도심,G80_전기
786,1358,6,출퇴근,전기,3년이상,도심,G80_전기
312,2437,6,가족용,전기,1~3년,도심,아이오닉6_전기
695,5081,6,가족용,전기,1~3년,지방,G80_전기
195,2963,2,출퇴근,전기,1~3년,도심,코나_전기
719,860,6,레저,상관없음,1~3년,지방,팰리세이드_가솔린
203,4035,5,레저,하이브리드,1~3년,도심,산타페_하이브리드
819,1595,5,레저,가솔린,1~3년,지방,팰리세이드_가솔린
683,4866,6,레저,가솔린,3년이상,도심,GV80_가솔린
193,4846,5,업무,가솔린,1~3년,도심,그랜저_가솔린
307,1500,3,가족용,하이브리드,1년미만,도심,스포티지_하이브리드
696,1858,2,출퇴근,상관없음,1~3년,도심,아반떼_가솔린
237,4092,6,출퇴근,상관없음,3년이상,지방,그랜저_가솔린
605,4182,5,레저,전기,1~3년,도심,G80_전기
318,2518,6,출퇴근,상관없음,3년이상,도심,K8_하이브리드
459,3188,5,레저,하이브리드,3년이상,도심,팰리세이드_하이브리드
712,3027,5,가족용,가솔린,3년이상,도심,GV80_가솔린
483,2422,5,가족용,하이브리드,3년이상,지방,팰리세이드_하이브리드
353,969,4,레저,하이브리드,1년미만,지방,스포티지_하이브리드
309,2879,3,레저,가솔린,1년미만,지방,코나_가솔린
492,1148,4,가족용,디젤,1년미만,도심,스포티지_디젤
445,1666,6,업무,디젤,1년미만,지방,스포티지_디젤
387,935,3,가족용,가솔린,1년미만,도심,스포티지_가솔린
418,2332,4,가족용,가솔린,1~3년,도심,산타페_가솔린
490,1089,1,레저,전기,1년미만,지방,코나_전기
453,1545,1,업무,하이브리드,1~3년,도심,아반떼_하이브리드
250,2162,5,레저,하이브리드,1~3년,지방,쏘나타_하이브리드
450,2963,6,업무,상관없음,1~3년,지방,그랜저_가솔린
704,3485,1,업무,가솔린,3년이상,지방,G80_가솔린
613,606,3,업무,가솔린,1년미만,지방,아반떼_가솔린
411,1412,6,업무,상관없음,1~3년,지방,K8_가솔린
702,2882,5,레저,상관없음,3년이상,도심,팰리세이드_가솔린
613,2178,5,레저,전기,3년이상,지방,G80_전기
211,3042,5,가족용,전기,3년이상,도심,EV6_전기
702,4951,1,레저,가솔린,1~3년,지방,코나_가솔린
218,2057,5,출퇴근,가솔린,3년이상,지방,K5_가솔린
286,2949,6,출퇴근,가솔린,1~3년,지방,K8_가솔린
751,3680,5,가족용,가솔린,3년이상,도심,GV80_가솔린
135,2496,2,업무,하이브리드,3년이상,도심,아반떼_하이브리드
502,377,6,업무,상관없음,3년이상,도심,K8_가솔린
234,4818,3,레저,가솔린,1년미만,도심,코나_가솔린
482,1444,3,출퇴근,하이브리드,3년이상,도심,쏘나타_하이브리드
331,1494,3,가족용,상관없음,1~3년,도심,스포티지_가솔린
356,1136,3,가족용,가솔린,1년미만,도심,스포티지_가솔린
130,4047,4,레저,가솔린,1~3년,도심,셀토스_가솔린
784,1583,4,가족용,전기,3년이상,도심,G80_전기
687,660,2,레저,가솔린,1년미만,도심,코나_가솔린
258,3028,1,가족용,상관없음,1~3년,지방,산타페_가솔린
317,5032,4,업무,가솔린,3년이상,도심,쏘나타_가솔린
335,1753,4,가족용,하이브리드,1~3년,도심,K5_하이브리드
335,1883,5,업무,가솔린,1~3년,도심,쏘나타_가솔린
414,3800,5,레저,하이브리드,1~3년,도심,팰리세이드_하이브리드
286,2041,5,가족용,하이브리드,1년미만,지방,스포티지_하이브리드
517,2032,1,가족용,전기,3년이상,도심,코나_전기
507,3848,5,레저,가솔린,3년이상,지방,팰리세이드_가솔린
132,3142,2,레저,전기,1~3년,지방,셀토스_가솔린
797,3114,3,레저,하이브리드,1~3년,도심,산타페_하이브리드
180,3152,1,가족용,하이브리드,1~3년,지방,스포티지_하이브리드
267,1696,1,가족용,가솔린,1~3년,지방,아반떼_가솔린
247,1616,6,출퇴근,가솔린,3년이상,지방,K5_가솔린
264,2427,4,레저,하이브리드,1년미만,지방,스포티지_하이브리드
204,2639,6,가족용,가솔린,1년미만,지방,스포티지_가솔린
492,2638,4,업무,상관없음,1~3년,지방,쏘나타_가솔린
449,4826,5,출퇴근,가솔린,1~3년,도심,그랜저_가솔린
682,1667,4,출퇴근,전기,1~3년,지방,G80_전기
481,989,6,출퇴근,하이브리드,3년이상,도심,K8_하이브리드
810,846,1,출퇴근,디젤,1년미만,지방,아반떼_가솔린
349,3192,1,출퇴근,전기,1~3년,지방,아반떼_가솔린
437,2055,6,출퇴근,상관없음,1년미만,지방,아반떼_가솔린
513,3132,5,가족용,하이브리드,3년이상,지방,팰리세이드_하이브리드
514,1953,6,가족용,전기,3년이상,도심,아이오닉6_전기
270,1971,6,업무,가솔린,1~3년,도심,쏘나타_가솔린
358,1567,4,출퇴근,하이브리드,1~3년,도심,K5_하이브리드
352,2185,6,업무,가솔린,1~3년,지방,K8_가솔린
500,641,3,업무,하이브리드,3년이상,지방,쏘나타_하이브리드
266,5150,1,가족용,가솔린,3년이상,지방,산타페_가솔린
694,2132,6,레저,하이브리드,3년이상,도심,팰리세이드_하이브리드
337,1449,6,가족용,전기,1~3년,지방,스포티지_가솔린
189,2834,4,레저,상관없음,3년이상,도심,스포티지_가솔린
331,2278,2,가족용,하이브리드,3년이상,도심,K5_하이브리드
134,2696,2,레저,디젤,3년이상,지방,셀토스_가솔린
683,4193,5,출퇴근,하이브리드,3년이상,도심,그랜저_하이브리드
150,3858,4,가족용,상관없음,3년이상,지방,스포티지_하이브리드
588,425,6,업무,전기,1~3년,지방,그랜저_가솔린
340,1065,6,레저,전기,1~3년,도심,스포티지_가솔린
722,4070,6,가족용,가솔린,3년이상,지방,GV80_가솔린
408,3892,5,출퇴근,전기,3년이상,도심,아이오닉6_전기
398,2841,3,업무,가솔린,3년이상,도심,쏘나타_가솔린
616,4187,5,레저,전기,1~3년,도심,G80_전기
384,1989,2,가족용,하이브리드,1~3년,도심,K5_하이브리드
264,3000,5,출퇴근,전기,3년이상,지방,쏘나타_하이브리드
797,2893,6,레저,하이브리드,1~3년,도심,팰리세이드_하이브리드
802,1166,6,레저,하이브리드,3년이상,도심,팰리세이드_하이브리드
299,2830,5,업무,가솔린,3년이상,도심,K8_가솔린
784,3541,2,출퇴근,가솔린,3년이상,지방,G80_가솔린
690,3196,6,레저,하이브리드,3년이상,도심,팰리세이드_하이브리드
304,1552,1,출퇴근,전기,1~3년,도심,EV6_전기
168,4813,2,레저,가솔린,1~3년,지방,코나_가솔린
603,589,4,출퇴근,상관없음,1~3년,지방,쏘나타_하이브리드
582,1908,6,업무,전기,1년미만,도심,코나_전기
314,1827,2,레저,하이브리드,1~3년,지방,스포티지_하이브리드
264,1836,6,가족용,하이브리드,3년이상,지방,쏘나타_하이브리드
482,1557,5,가족용,가솔린,1~3년,도심,산타페_가솔린
587,458,5,출퇴근,하이브리드,3년이상,도심,그랜저_하이브리드
296,2027,5,가족용,하이브리드,1년미만,도심,스포티지_하이브리드
820,2379,5,레저,하이브리드,3년이상,지방,팰리세이드_하이브리드
691,1389,1,업무,상관없음,3년이상,도심,코나_전기
149,3919,6,가족용,전기,3년이상,도심,EV6_전기
318,1374,3,가족용,가솔린,1~3년,지방,스포티지_가솔린
739,3812,6,가족용,가솔린,3년이상,도심,GV80_가솔린
261,1514,4,업무,가솔린,3년이상,도심,K5_가솔린
501,1560,5,업무,하이브리드,3년이상,지방,그랜저_하이브리드
267,2432,6,레저,가솔린,1~3년,도심,스포티지_가솔린
159,2700,3,업무,디젤,1~3년,지방,K5_가솔린
134,4019,2,레저,상관없음,3년이상,지방,셀토스_가솔린
206,3897,5,업무,상관없음,3년이상,도심,K8_가솔린
253,5080,6,출퇴근,전기,1~3년,도심,아이오닉6_전기
308,1656,4,가족용,하이브리드,1~3년,도심,스포티지_하이브리드
456,1600,5,출퇴근,하이브리드,1년미만,지방,아반떼_하이브리드
381,4966,2,업무,하이브리드,1~3년,지방,아반떼_하이브리드
294,1450,6,레저,가솔린,3년이상,지방,스포티지_가솔린
508,1961,6,가족용,전기,3년이상,도심,아이오닉6_전기
133,2929,1,레저,전기,1~3년,도심,셀토스_가솔린
697,3615,3,업무,가솔린,3년이상,도심,G80_가솔린
353,1647,6,가족용,디젤,1~3년,지방,스포티지_디젤
357,418,4,가족용,상관없음,1~3년,지방,K5_가솔린
585,2907,5,가족용,하이브리드,3년이상,도심,팰리세이드_하이브리드
331,5135,5,출퇴근,하이브리드,1~3년,지방,그랜저_하이브리드
481,2498,3,업무,상관없음,3년이상,지방,쏘나타_가솔린
733,3604,5,가족용,가솔린,3년이상,지방,GV80_가솔린
292,5130,6,레저,가솔린,3년이상,지방,팰리세이드_가솔린
285,3941,4,레저,가솔린,1년미만,지방,코나_가솔린
133,2670,5,레저,상관없음,1년미만,지방,셀토스_가솔린
340,979,5,레저,전기,1~3년,지방,스포티지_가솔린
443,1105,6,출퇴근,가솔린,3년이상,도심,K8_가솔린
795,3197,1,출퇴근,가솔린,3년이상,도심,G80_가솔린
603,2452,6,출퇴근,디젤,1년미만,지방,스포티지_디젤
691,4122,4,출퇴근,가솔린,3년이상,지방,그랜저_가솔린
211,3127,3,레저,하이브리드,3년이상,지방,스포티지_하이브리드
341,1417,1,레저,하이브리드,1~3년,지방,스포티지_하이브리드
460,816,6,업무,가솔린,1~3년,지방,K8_가솔린
597,4047,4,레저,디젤,3년이상,도심,스포티지_디젤
295,2403,1,레저,가솔린,1년미만,지방,코나_가솔린
131,2624,6,레저,디젤,1년미만,도심,셀토스_가솔린
446,2346,2,가족용,하이브리드,1년미만,지방,아반떼_하이브리드
510,2597,4,출퇴근,하이브리드,1년미만,도심,아반떼_하이브리드
321,2237,3,출퇴근,하이브리드,1~3년,도심,K5_하이브리드
412,454,3,레저,가솔린,1~3년,지방,스포티지_가솔린
134,2564,4,레저,가솔린,1~3년,도심,셀토스_가솔린
786,615,6,업무,전기,3년이상,지방,G80_전기
786,4874,5,출퇴근,하이브리드,1~3년,도심,그랜저_하이브리드
705,1101,5,가족용,하이브리드,3년이상,도심,팰리세이드_하이브리드
705,3948,1,업무,가솔린,1~3년,도심,아반떼_가솔린
496,3106,6,가족용,가솔린,3년이상,도심,팰리세이드_가솔린
300,2094,3,출퇴근,하이브리드,1~3년,도심,K5_하이브리드
446,1109,5,업무,전기,3년이상,지방,K8_가솔린
300,2298,3,출퇴근,하이브리드,1~3년,도심,K5_하이브리드
517,4827,4,레저,하이브리드,3년이상,지방,산타페_하이브리드
606,5180,1,업무,하이브리드,1년미만,도심,아반떼_하이브리드
697,2679,4,업무,하이브리드,1~3년,도심,쏘나타_하이브리드
265,3136,5,출퇴근,전기,1~3년,지방,K8_하이브리드
504,1006,6,출퇴근,전기,3년이상,도심,아이오닉6_전기
132,4820,2,레저,상관없음,1년미만,지방,셀토스_가솔린
417,1413,6,업무,가솔린,1~3년,도심,K8_가솔린
403,1631,5,출퇴근,상관없음,3년이상,도심,K8_하이브리드
300,5076,6,가족용,전기,3년이상,도심,아이오닉6_전기
444,1067,5,업무,가솔린,3년이상,도심,K8_가솔린
452,3805,5,레저,가솔린,3년이상,도심,팰리세이드_가솔린
357,456,4,업무,가솔린,1~3년,도심,쏘나타_가솔린
235,1839,1,업무,하이브리드,1년미만,지방,아반떼_하이브리드
314,483,4,출퇴근,상관없음,3년이상,도심,아반떼_가솔린
354,1369,6,가족용,가솔린,3년이상,지방,스포티지_가솔린
336,2317,6,업무,상관없음,3년이상,지방,K8_가솔린
720,2526,6,출퇴근,전기,1~3년,도심,G80_전기
360,1988,6,업무,디젤,1~3년,지방,스포티지_디젤
231,2819,4,업무,상관없음,3년이상,지방,쏘나타_가솔린
771,3675,4,레저,가솔린,3년이상,지방,GV80_가솔린
382,1480,5,업무,하이브리드,3년이상,도심,쏘나타_하이브리드
613,1329,5,출퇴근,하이브리드,1년미만,도심,아반떼_하이브리드
517,1920,6,가족용,가솔린,3년이상,도심,팰리세이드_가솔린
450,627,6,출퇴근,전기,3년이상,도심,아이오닉6_전기
152,2841,3,업무,가솔린,1~3년,지방,K5_가솔린
386,619,4,레저,가솔린,1~3년,도심,스포티지_가솔린
455,3878,4,업무,가솔린,1~3년,지방,쏘나타_가솔린
612,1882,4,가족용,하이브리드,1년미만,지방,산타페_하이브리드
611,2326,1,업무,전기,1년미만,도심,코나_전기
243,3999,6,출퇴근,전기,1~3년,도심,아이오닉6_전기
347,452,6,가족용,상관없음,3년이상,지방,K5_가솔린
600,1057,6,출퇴근,가솔린,1~3년,지방,그랜저_가솔린
197,3128,5,업무,상관없음,1~3년,도심,쏘나타_가솔린
791,3541,5,가족용,가솔린,3년이상,지방,GV80_가솔린
394,1002,4,가족용,하이브리드,3년이상,지방,스포티지_하이브리드
133,4983,5,레저,가솔린,1~3년,도심,셀토스_가솔린
607,3525,6,가족용,가솔린,3년이상,지방,GV80_가솔린
458,4825,6,출퇴근,상관없음,3년이상,도심,G80_전기
586,5033,1,레저,상관없음,3년이상,지방,코나_가솔린
518,2334,4,업무,하이브리드,1~3년,도심,쏘나타_하이브리드
685,4136,5,가족용,전기,1년미만,지방,코나_전기
432,346,5,가족용,상관없음,3년이상,도심,스포티지_가솔린
131,4199,1,레저,가솔린,1~3년,도심,셀토스_가솔린
260,2658,5,가족용,전기,1~3년,도심,EV6_전기
244,1063,6,가족용,하이브리드,1년미만,도심,아반떼_하이브리드
612,4978,6,레저,전기,3년이상,지방,G80_전기
710,567,5,출퇴근,전기,3년이상,도심,아이오닉6_전기
270,845,6,레저,상관없음,3년이상,지방,셀토스_가솔린
797,4859,5,레저,상관없음,1~3년,도심,팰리세이드_가솔린
707,1485,4,출퇴근,상관없음,1~3년,지방,쏘나타_하이브리드
269,4018,5,가족용,가솔린,1~3년,도심,산타페_가솔린
142,5176,1,레저,디젤,1~3년,지방,코나_가솔린
697,1682,6,레저,디젤,3년이상,도심,스포티지_디젤
298,3068,6,출퇴근,전기,1~3년,도심,아이오닉6_전기
795,1636,5,출퇴근,전기,1년미만,지방,G80_전기
355,1133,3,업무,가솔린,1~3년,지방,쏘나타_가솔린
388,5105,5,가족용,하이브리드,3년이상,지방,팰리세이드_하이브리드
809,2626,5,업무,상관없음,3년이상,도심,G80_전기
687,4468,5,레저,가솔린,3년이상,도심,GV80_가솔린
704,4803,3,가족용,디젤,1~3년,도심,스포티지_디젤
433,2589,6,가족용,상관없음,3년이상,도심,팰리세이드_가솔린
162,2693,5,출퇴근,디젤,3년이상,도심,K5_가솔린
382,1800,6,업무,상관없음,3년이상,지방,K8_가솔린
340,445,2,가족용,가솔린,1~3년,도심,아반떼_가솔린
513,5200,5,출퇴근,전기,1년미만,지방,G80_전기
260,3840,6,업무,상관없음,1~3년,도심,그랜저_가솔린
149,4036,5,출퇴근,전기,3년이상,도심,EV6_전기
380,1006,6,가족용,전기,3년이상,도심,EV6_전기
441,2543,5,업무,하이브리드,1~3년,지방,그랜저_하이브리드
808,1067,5,레저,상관없음,1~3년,지방,팰리세이드_가솔린
306,2353,3,가족용,하이브리드,1~3년,도심,K5_하이브리드
480,2484,2,레저,상관없음,3년이상,지방,코나_가솔린
359,1582,4,레저,하이브리드,1년미만,도심,산타페_하이브리드
806,2577,5,레저,가솔린,3년이상,도심,팰리세이드_가솔린
415,848,5,출퇴근,전기,1~3년,도심,EV6_전기
769,3621,3,출퇴근,가솔린,3년이상,지방,G80_가솔린
294,4046,5,레저,하이브리드,3년이상,도심,팰리세이드_하이브리드
370,2315,5,업무,하이브리드,3년이상,지방,K8_하이브리드
293,1146,3,가족용,가솔린,3년이상,지방,K5_가솔린
586,430,5,레저,하이브리드,3년이상,지방,팰리세이드_하이브리드
341,598,5,출퇴근,전기,1~3년,지방,K5_가솔린
333,1480,3,업무,하이브리드,3년이상,도심,쏘나타_하이브리드
188,2949,2,업무,전기,1~3년,도심,EV6_전기
439,2459,4,업무,가솔린,1~3년,지방,쏘나타_가솔린
468,3032,6,출퇴근,가솔린,3년이상,도심,그랜저_가솔린
501,1141,5,출퇴근,상관없음,3년이상,도심,그랜저_가솔린
345,473,4,출퇴근,상관없음,1~3년,지방,K5_가솔린
480,2441,6,가족용,전기,1~3년,도심,아이오닉6_전기
580,846,5,가족용,상관없음,3년이상,지방,팰리세이드_가솔린
510,4974,2,출퇴근,전기,1~3년,도심,코나_전기
294,2127,6,가족용,전기,1~3년,도심,EV6_전기
484,4103,3,출퇴근,가솔린,1~3년,지방,쏘나타_가솔린
270,2506,5,출퇴근,전기,1~3년,도심,EV6_전기
385,4059,4,가족용,가솔린,3년이상,도심,산타페_가솔린
434,545,1,레저,하이브리드,1~3년,도심,스포티지_하이브리드
208,2132,5,업무,가솔린,3년이상,도심,K5_가솔린
377,1831,4,출퇴근,하이브리드,1~3년,도심,K5_하이브리드
489,5105,1,레저,하이브리드,3년이상,지방,산타페_하이브리드
585,3958,6,가족용,하이브리드,1~3년,도심,산타페_하이브리드
309,4816,6,레저,상관없음,1~3년,도심,팰리세이드_가솔린
200,2953,2,업무,하이브리드,3년이상,도심,아반떼_하이브리드
359,2883,3,가족용,하이브리드,3년이상,지방,산타페_하이브리드
442,2396,4,레저,상관없음,1~3년,지방,산타페_가솔린
290,2621,5,가족용,가솔린,3년이상,도심,산타페_가솔린
815,1309,6,레저,상관없음,1~3년,도심,팰리세이드_가솔린
293,1693,6,레저,상관없음,3년이상,지방,스포티지_가솔린
784,2143,6,레저,디젤,1년미만,도심,스포티지_디젤
601,1698,6,업무,디젤,3년이상,도심,스포티지_디젤
239,951,1,출퇴근,전기,3년이상,도심,아반떼_가솔린
137,3879,6,가족용,전기,1~3년,지방,EV6_전기
293,2651,3,레저,하이브리드,3년이상,지방,산타페_하이브리드
213,2679,3,레저,디젤,3년이상,지방,스포티지_디젤
202,2547,5,가족용,전기,3년이상,도심,스포티지_가솔린
487,3174,3,업무,상관없음,3년이상,지방,쏘나타_가솔린
251,2660,4,업무,가솔린,3년이상,도심,쏘나타_가솔린
391,869,3,레저,하이브리드,3년이상,지방,스포티지_하이브리드
403,373,1,레저,가솔린,1~3년,도심,코나_가솔린
696,4093,2,업무,가솔린,3년이상,도심,G80_가솔린
384,3058,3,출퇴근,가솔린,1~3년,도심,쏘나타_가솔린
586,1919,6,업무,하이브리드,3년이상,도심,그랜저_하이브리드
333,580,6,출퇴근,전기,3년이상,지방,K5_가솔린
706,3116,5,출퇴근,전기,1년미만,지방,G80_전기
316,826,4,가족용,가솔린,1~3년,도심,K5_가솔린
481,2673,6,가족용,가솔린,1년미만,도심,산타페_가솔린
283,1812,6,레저,전기,1~3년,도심,EV6_전기
259,1525,6,가족용,가솔린,1~3년,도심,K5_가솔린
169,2662,5,출퇴근,디젤,3년이상,도심,K5_가솔린
405,390,4,레저,하이브리드,1년미만,지방,스포티지_하이브리드
399,416,2,레저,전기,1~3년,도심,EV6_전기
267,2065,6,업무,가솔린,1년미만,지방,아반떼_가솔린
809,2986,1,레저,디젤,1~3년,지방,스포티지_디젤
403,2975,6,출퇴근,전기,3년이상,도심,아이오닉6_전기
316,2518,5,가족용,전기,3년이상,도심,아이오닉6_전기
388,2462,6,출퇴근,상관없음,1~3년,지방,그랜저_가솔린
131,2668,3,레저,디젤,1년미만,도심,셀토스_가솔린
487,2572,6,출퇴근,전기,3년이상,도심,아이오닉6_전기
384,378,3,가족용,전기,1년미만,도심,스포티지_가솔린
492,1405,4,가족용,하이브리드,3년이상,도심,산타페_하이브리드
783,955,6,업무,가솔린,1~3년,도심,그랜저_가솔린
781,579,6,가족용,하이브리드,3년이상,도심,팰리세이드_하이브리드
144,2661,3,업무,가솔린,3년이상,도심,아반떼_가솔린
802,1023,5,출퇴근,하이브리드,3년이상,지방,그랜저_하이브리드
723,3601,4,가족용,가솔린,3년이상,지방,GV80_가솔린
361,1162,4,가족용,상관없음,3년이상,지방,스포티지_가솔린
620,5189,4,업무,하이브리드,3년이상,지방,쏘나타_하이브리드
134,5110,5,레저,가솔린,3년이상,도심,셀토스_가솔린
217,2824,6,레저,가솔린,1~3년,지방,스포티지_가솔린
320,2692,5,업무,하이브리드,1~3년,지방,K8_하이브리드
359,894,4,레저,전기,1~3년,도심,EV6_전기
619,4020,4,업무,가솔린,1~3년,지방,쏘나타_가솔린
712,2059,5,레저,가솔린,3년이상,도심,팰리세이드_가솔린
344,1693,5,출퇴근,전기,3년이상,도심,EV6_전기
215,5189,6,출퇴근,전기,1~3년,도심,아이오닉6_전기
702,5080,6,출퇴근,하이브리드,1~3년,지방,그랜저_하이브리드
698,1626,2,레저,상관없음,3년이상,지방,코나_가솔린
696,1621,1,출퇴근,전기,1~3년,도심,코나_전기
631,4197,3,출퇴근,가솔린,3년이상,도심,G80_가솔린
347,4903,1,가족용,상관없음,1~3년,지방,산타페_가솔린
382,3917,4,업무,전기,3년이상,도심,코나_전기
686,3906,3,출퇴근,가솔린,3년이상,도심,G80_가솔린
685,4845,1,출퇴근,하이브리드,3년이상,도심,아반떼_하이브리드
205,2182,3,레저,상관없음,1년미만,도심,코나_가솔린
450,2195,6,가족용,전기,1~3년,도심,아이오닉6_전기
319,1447,1,가족용,가솔린,1~3년,지방,스포티지_가솔린
303,1672,3,업무,상관없음,1~3년,도심,쏘나타_가솔린
214,1365,6,업무,상관없음,1년미만,지방,아반떼_가솔린
253,4136,3,레저,하이브리드,1~3년,도심,산타페_하이브리드
269,2369,6,가족용,가솔린,3년이상,도심,스포티지_가솔린
715,3198,5,가족용,가솔린,3년이상,도심,GV80_가솔린
595,1650,4,레저,하이브리드,1~3년,지방,산타페_하이브리드
132,5198,4,레저,가솔린,1~3년,지방,셀토스_가솔린
363,1983,6,업무,전기,1년미만,도심,코나_전기
403,455,5,가족용,전기,1~3년,도심,EV6_전기
398,1528,6,업무,전기,3년이상,지방,K8_하이브리드
681,2548,1,레저,상관없음,1년미만,지방,코나_가솔린
713,641,5,가족용,가솔린,1년미만,지방,산타페_가솔린
814,3980,2,레저,상관없음,3년이상,지방,코나_가솔린
699,4915,5,업무,전기,1~3년,도심,G80_전기
313,1587,6,업무,하이브리드,1년미만,도심,아반떼_하이브리드
601,857,5,가족용,전기,1~3년,도심,아이오닉6_전기
204,5191,5,가족용,상관없음,3년이상,도심,팰리세이드_하이브리드
799,2873,6,출퇴근,가솔린,3년이상,도심,그랜저_가솔린
490,1412,5,레저,가솔린,1~3년,지방,팰리세이드_가솔린
398,2043,2,출퇴근,하이브리드,1~3년,도심,K5_하이브리드
307,1160,1,출퇴근,하이브리드,1~3년,도심,아반떼_하이브리드
602,3174,4,가족용,상관없음,3년이상,도심,산타페_가솔린
167,4877,6,업무,전기,3년이상,지방,그랜저_하이브리드
501,4157,5,업무,하이브리드,3년이상,지방,그랜저_하이브리드
599,1195,6,업무,하이브리드,3년이상,지방,그랜저_하이브리드
215,2107,4,가족용,상관없음,1~3년,지방,K5_가솔린
413,2385,3,레저,전기,3년이상,도심,코나_전기
813,579,6,레저,전기,3년이상,도심,G80_전기
238,4072,6,레저,상관없음,3년이상,지방,산타페_가솔린
311,1697,5,가족용,전기,3년이상,도심,EV6_전기
219,2915,6,출퇴근,전기,1~3년,도심,EV6_전기
441,1190,6,출퇴근,하이브리드,1~3년,지방,K8_하이브리드
344,2640,4,출퇴근,하이브리드,3년이상,지방,쏘나타_하이브리드
798,5017,5,가족용,하이브리드,1~3년,지방,산타페_하이브리드
481,494,4,업무,가솔린,1~3년,지방,쏘나타_가솔린
362,2078,6,업무,하이브리드,3년이상,지방,K8_하이브리드
133,2946,1,출퇴근,상관없음,3년이상,지방,아반떼_가솔린
616,2817,1,업무,전기,1년미만,지방,코나_전기
165,2856,3,출퇴근,하이브리드,1~3년,지방,쏘나타_하이브리드
399,3071,1,레저,하이브리드,3년이상,지방,산타페_하이브리드
134,3192,6,레저,상관없음,1년미만,도심,셀토스_가솔린
132,2588,6,레저,상관없음,1~3년,도심,셀토스_가솔린
714,623,5,레저,하이브리드,1~3년,지방,팰리세이드_하이브리드
133,3018,5,레저,디젤,1년미만,지방,셀토스_가솔린
597,1642,6,출퇴근,하이브리드,3년이상,지방,그랜저_하이브리드
377,1749,3,가족용,하이브리드,3년이상,도심,K5_하이브리드
285,2921,5,출퇴근,가솔린,1~3년,도심,K8_가솔린
446,4946,4,업무,하이브리드,1년미만,지방,아반떼_하이브리드
324,1754,3,가족용,하이브리드,1~3년,도심,K5_하이브리드
340,556,6,가족용,상관없음,3년이상,도심,K5_가솔린
509,1540,5,업무,하이브리드,3년이상,도심,그랜저_하이브리드
254,3890,6,출퇴근,전기,1~3년,도심,아이오닉6_전기
452,351,4,업무,하이브리드,1년미만,도심,아반떼_하이브리드
136,2450,3,레저,가솔린,1~3년,지방,셀토스_가솔린
267,4861,2,가족용,하이브리드,3년이상,지방,산타페_하이브리드
282,3007,5,업무,상관없음,3년이상,지방,K8_가솔린
717,412,3,업무,가솔린,1~3년,지방,쏘나타_가솔린
349,2844,5,업무,가솔린,1~3년,도심,그랜저_가솔린
415,1460,6,업무,하이브리드,3년이상,지방,K8_하이브리드
751,4138,5,가족용,가솔린,3년이상,지방,GV80_가솔린
470,698,6,업무,상관없음,3년이상,도심,K8_가솔린
391,4822,3,업무,디젤,1~3년,도심,스포티지_디젤
254,2379,1,레저,하이브리드,3년이상,도심,스포티지_하이브리드
191,4132,6,업무,가솔린,3년이상,지방,K8_가솔린
154,2823,5,가족용,가솔린,3년이상,지방,K5_가솔린
165,2093,5,레저,하이브리드,1~3년,지방,아반떼_하이브리드
182,2452,4,업무,가솔린,3년이상,지방,K5_가솔린
208,1607,3,업무,하이브리드,3년이상,도심,아반떼_하이브리드
447,4183,6,출퇴근,하이브리드,3년이상,지방,그랜저_하이브리드
364,2073,5,업무,가솔린,3년이상,도심,K8_가솔린
687,2696,5,가족용,상관없음,1년미만,지방,산타페_가솔린
608,966,6,업무,상관없음,3년이상,도심,그랜저_가솔린
626,3915,4,가족용,가솔린,3년이상,도심,GV80_가솔린
620,1112,6,레저,하이브리드,3년이상,도심,팰리세이드_하이브리드
719,1178,5,업무,하이브리드,3년이상,도심,그랜저_하이브리드
481,4804,4,출퇴근,전기,1~3년,도심,G80_전기
157,2939,6,업무,가솔린,3년이상,지방,쏘나타_가솔린
712,3865,3,출퇴근,전기,3년이상,도심,G80_전기
315,997,3,레저,상관없음,1년미만,도심,코나_가솔린
151,1866,3,레저,전기,1년미만,도심,아반떼_가솔린
143,4840,4,출퇴근,전기,3년이상,지방,쏘나타_하이브리드
332,1050,4,가족용,가솔린,3년이상,지방,스포티지_가솔린
185,2165,4,레저,디젤,1~3년,도심,코나_가솔린
500,2139,4,출퇴근,하이브리드,1~3년,지방,쏘나타_하이브리드
432,1501,6,업무,하이브리드,1~3년,도심,K8_하이브리드
363,1640,4,출퇴근,하이브리드,3년이상,도심,K5_하이브리드
607,2853,5,출퇴근,전기,3년이상,도심,G80_전기
352,1333,5,가족용,전기,3년이상,도심,EV6_전기
460,2391,6,가족용,전기,1~3년,도심,아이오닉6_전기
688,578,5,가족용,전기,1~3년,도심,아이오닉6_전기
417,590,1,레저,하이브리드,1~3년,지방,스포티지_하이브리드
418,5088,5,레저,하이브리드,1~3년,지방,팰리세이드_하이브리드
253,2590,4,레저,하이브리드,3년이상,도심,스포티지_하이브리드
808,2630,1,레저,가솔린,3년이상,지방,코나_가솔린
413,576,3,레저,가솔린,3년이상,지방,스포티지_가솔린
260,1300,1,레저,상관없음,1년미만,지방,코나_가솔린
170,2639,4,출퇴근,상관없음,1~3년,지방,K5_가솔린
753,3403,1,업무,가솔린,3년이상,지방,G80_가솔린
263,2331,2,레저,하이브리드,3년이상,지방,스포티지_하이브리드
515,1875,5,출퇴근,전기,3년이상,도심,아이오닉6_전기
802,381,4,업무,전기,1~3년,도심,G80_전기
242,3928,4,업무,가솔린,3년이상,도심,쏘나타_가솔린
386,466,5,레저,가솔린,3년이상,지방,스포티지_가솔린
393,1140,5,출퇴근,전기,3년이상,도심,EV6_전기
453,916,5,업무,가솔린,3년이상,도심,K8_가솔린
134,4034,4,레저,상관없음,1년미만,지방,셀토스_가솔린
215,2100,2,레저,전기,1년미만,도심,코나_가솔린
799,1025,5,레저,하이브리드,3년이상,도심,팰리세이드_하이브리드
360,2073,6,레저,가솔린,1년미만,도심,코나_가솔린
305,1829,6,가족용,전기,3년이상,도심,EV6_전기
581,582,6,가족용,하이브리드,3년이상,지방,팰리세이드_하이브리드
381,1661,6,레저,하이브리드,1년미만,지방,산타페_하이브리드
509,3008,1,가족용,하이브리드,1~3년,지방,산타페_하이브리드
257,5050,6,가족용,가솔린,3년이상,지방,팰리세이드_가솔린
401,2003,5,출퇴근,전기,3년이상,지방,그랜저_가솔린
813,5147,5,레저,상관없음,1년미만,도심,코나_전기
392,912,1,레저,하이브리드,1년미만,지방,아반떼_하이브리드
203,3093,3,가족용,상관없음,1년미만,지방,스포티지_가솔린
309,2966,6,업무,하이브리드,1~3년,도심,K8_하이브리드
385,2007,3,가족용,하이브리드,3년이상,도심,K5_하이브리드
264,4167,2,가족용,하이브리드,1~3년,지방,산타페_하이브리드
280,5018,1,레저,하이브리드,3년이상,지방,산타페_하이브리드
284,2141,5,가족용,전기,3년이상,도심,EV6_전기
720,5158,5,레저,하이브리드,3년이상,도심,팰리세이드_하이브리드
465,611,6,가족용,가솔린,1년미만,지방,산타페_가솔린
268,1467,5,가족용,하이브리드,1~3년,지방,아반떼_하이브리드
388,673,5,가족용,전기,3년이상,도심,EV6_전기
232,2131,3,업무,디젤,3년이상,지방,스포티지_디젤
308,2011,5,출퇴근,전기,1~3년,도심,EV6_전기
300,2013,6,가족용,전기,1년미만,지방,코나_전기
213,2061,6,업무,가솔린,1~3년,도심,K5_가솔린
314,4871,4,레저,전기,1~3년,도심,코나_전기
404,2806,3,가족용,전기,1~3년,지방,산타페_가솔린
501,928,6,가족용,전기,1~3년,도심,아이오닉6_전기
181,5127,6,출퇴근,상관없음,1~3년,지방,그랜저_하이브리드
370,956,4,가족용,가솔린,3년이상,도심,스포티지_가솔린
284,4123,6,출퇴근,전기,1~3년,도심,아이오닉6_전기
384,1119,3,레저,하이브리드,3년이상,도심,스포티지_하이브리드
459,1435,2,레저,상관없음,3년이상,지방,코나_가솔린
310,1655,6,가족용,전기,1~3년,도심,EV6_전기
336,2030,6,가족용,전기,3년이상,도심,아이오닉6_전기
353,2321,4,가족용,하이브리드,1~3년,도심,K5_하이브리드
368,4838,6,가족용,하이브리드,3년이상,도심,팰리세이드_하이브리드
384,1331,4,출퇴근,전기,3년이상,지방,쏘나타_하이브리드
184,2620,5,출퇴근,하이브리드,3년이상,지방,쏘나타_하이브리드
254,3945,6,레저,가솔린,1~3년,지방,팰리세이드_가솔린
520,1177,2,업무,디젤,1년미만,지방,스포티지_디젤
580,5011,1,레저,상관없음,1~3년,지방,코나_가솔린
785,4166,1,출퇴근,가솔린,3년이상,지방,G80_가솔린
138,4069,1,출퇴근,디젤,1~3년,지방,아반떼_가솔린
339,527,4,출퇴근,디젤,3년이상,도심,K5_가솔린
597,1988,4,업무,상관없음,1~3년,도심,쏘나타_가솔린
783,350,6,업무,가솔린,1년미만,도심,아반떼_가솔린
410,343,5,가족용,전기,3년이상,도심,EV6_전기
456,993,6,출퇴근,가솔린,3년이상,지방,K8_가솔린
364,4115,6,레저,상관없음,1~3년,지방,팰리세이드_가솔린
690,2688,5,업무,하이브리드,1~3년,지방,그랜저_하이브리드
699,4802,2,업무,가솔린,3년이상,지방,G80_가솔린
591,1120,3,레저,하이브리드,1~3년,도심,산타페_하이브리드
406,2068,6,가족용,전기,1~3년,도심,아이오닉6_전기
707,2905,6,출퇴근,하이브리드,1~3년,도심,그랜저_하이브리드
236,3991,3,가족용,하이브리드,1년미만,지방,산타페_하이브리드
441,1128,6,업무,상관없음,3년이상,도심,K8_가솔린
796,4909,2,가족용,상관없음,3년이상,지방,산타페_가솔린
295,2052,6,가족용,전기,1~3년,도심,EV6_전기
264,1807,6,업무,가솔린,1~3년,도심,쏘나타_가솔린
609,1464,6,가족용,상관없음,3년이상,지방,팰리세이드_가솔린
211,3896,6,업무,상관없음,3년이상,도심,K8_가솔린
354,1504,4,출퇴근,전기,3년이상,지방,쏘나타_하이브리드
591,403,5,가족용,하이브리드,3년이상,지방,팰리세이드_하이브리드
819,4991,6,출퇴근,전기,1년미만,도심,G80_전기
212,2575,5,가족용,디젤,1~3년,지방,스포티지_디젤
460,2447,6,업무,가솔린,1~3년,도심,그랜저_가솔린
709,1590,5,업무,하이브리드,3년이상,지방,그랜저_하이브리드
420,2420,5,가족용,가솔린,3년이상,지방,팰리세이드_가솔린
802,1081,5,가족용,전기,1년미만,도심,코나_전기
287,2345,5,업무,가솔린,1~3년,지방,쏘나타_가솔린
486,1455,1,업무,전기,3년이상,지방,코나_전기
366,5153,3,출퇴근,가솔린,3년이상,도심,그랜저_가솔린
368,2335,3,출퇴근,하이브리드,1~3년,도심,K5_하이브리드
721,3940,3,출퇴근,가솔린,3년이상,지방,G80_가솔린
731,4687,2,출퇴근,가솔린,3년이상,도심,G80_가솔린
191,2833,2,레저,가솔린,1년미만,도심,코나_가솔린
520,5196,5,레저,하이브리드,3년이상,지방,팰리세이드_하이브리드
147,3836,5,업무,하이브리드,1년미만,지방,아반떼_하이브리드
517,530,5,레저,전기,3년이상,지방,코나_전기
795,2155,3,가족용,하이브리드,1년미만,지방,산타페_하이브리드
704,1978,2,레저,상관없음,1년미만,지방,코나_가솔린
410,1413,5,업무,가솔린,1~3년,도심,K8_가솔린
334,2350,2,업무,전기,1~3년,도심,코나_전기
130,4082,4,레저,디젤,1년미만,지방,셀토스_가솔린
684,2388,6,가족용,가솔린,3년이상,지방,팰리세이드_가솔린
280,2096,2,레저,하이브리드,3년이상,도심,스포티지_하이브리드
726,4403,3,출퇴근,가솔린,3년이상,도심,G80_가솔린
790,1676,3,출퇴근,상관없음,3년이상,도심,G80_전기
442,2389,6,출퇴근,상관없음,1~3년,도심,그랜저_가솔린
303,641,2,출퇴근,하이브리드,3년이상,지방,아반떼_하이브리드
311,3912,5,레저,가솔린,1~3년,지방,팰리세이드_가솔린
204,4082,3,가족용,상관없음,1~3년,도심,산타페_가솔린
699,674,5,업무,가솔린,1년미만,지방,아반떼_가솔린
355,4903,5,레저,가솔린,1~3년,지방,팰리세이드_가솔린
389,1557,3,가족용,하이브리드,1~3년,도심,K5_하이브리드
346,1194,1,레저,하이브리드,3년이상,지방,스포티지_하이브리드
180,1915,4,레저,디젤,3년이상,지방,셀토스_가솔린
463,1668,6,가족용,가솔린,3년이상,도심,팰리세이드_가솔린
601,5035,4,출퇴근,가솔린,1~3년,지방,쏘나타_가솔린
639,4121,2,출퇴근,가솔린,3년이상,지방,G80_가솔린
362,610,3,출퇴근,전기,3년이상,지방,쏘나타_하이브리드
811,2497,5,가족용,가솔린,3년이상,지방,팰리세이드_가솔린
407,945,6,업무,상관없음,3년이상,지방,쏘나타_가솔린
257,595,4,레저,상관없음,1~3년,지방,아반떼_가솔린
130,2597,4,레저,상관없음,3년이상,지방,셀토스_가솔린
390,2959,6,가족용,상관없음,3년이상,도심,팰리세이드_가솔린
454,976,6,업무,상관없음,1~3년,지방,K8_가솔린
446,1814,2,가족용,하이브리드,3년이상,도심,산타페_하이브리드
336,653,4,출퇴근,디젤,3년이상,지방,K5_가솔린
618,3022,6,레저,전기,1~3년,지방,G80_전기
160,2668,6,출퇴근,가솔린,1~3년,도심,K5_가솔린
616,439,5,레저,하이브리드,1~3년,지방,팰리세이드_하이브리드
296,1473,5,레저,하이브리드,1년미만,도심,아반떼_하이브리드
132,3937,5,가족용,전기,1~3년,지방,EV6_전기
619,1493,5,업무,가솔린,1년미만,지방,아반떼_가솔린
490,995,5,출퇴근,가솔린,1~3년,도심,그랜저_가솔린
340,2507,5,업무,하이브리드,1~3년,도심,K8_하이브리드
582,3159,5,출퇴근,가솔린,1년미만,지방,아반떼_가솔린
390,2683,6,출퇴근,전기,1년미만,지방,아반떼_가솔린
355,2556,5,업무,디젤,1년미만,도심,스포티지_디젤
346,2529,6,출퇴근,하이브리드,3년이상,도심,K8_하이브리드
305,1524,2,가족용,전기,1~3년,도심,스포티지_가솔린
616,3929,4,레저,가솔린,3년이상,지방,GV80_가솔린
481,545,4,업무,가솔린,1~3년,지방,쏘나타_가솔린
408,5003,1,출퇴근,전기,3년이상,도심,코나_전기
130,4858,4,레저,가솔린,1년미만,도심,셀토스_가솔린
349,2418,1,레저,전기,1년미만,도심,코나_전기
602,4932,4,업무,가솔린,1~3년,지방,쏘나타_가솔린
453,1384,6,업무,하이브리드,3년이상,도심,K8_하이브리드
346,1051,2,업무,전기,3년이상,도심,EV6_전기
242,5196,5,출퇴근,하이브리드,3년이상,지방,그랜저_하이브리드
512,2375,4,출퇴근,가솔린,1~3년,지방,쏘나타_가솔린
147,2864,1,레저,디젤,1년미만,지방,코나_가솔린
336,617,3,출퇴근,상관없음,1~3년,지방,K5_가솔린
234,1905,4,출퇴근,전기,3년이상,지방,K5_가솔린
598,557,6,업무,하이브리드,1년미만,도심,아반떼_하이브리드
496,469,5,업무,상관없음,1~3년,도심,K8_가솔린
318,2540,6,출퇴근,상관없음,3년이상,도심,K8_하이브리드
431,2647,5,가족용,전기,1~3년,도심,아이오닉6_전기
714,4979,1,업무,가솔린,3년이상,지방,G80_가솔린
447,2617,6,업무,상관없음,1~3년,지방,그랜저_가솔린
215,3099,1,가족용,하이브리드,1~3년,도심,스포티지_하이브리드
361,2043,6,업무,상관없음,1~3년,지방,K8_가솔린
305,2833,3,가족용,상관없음,1~3년,도심,산타페_가솔린
220,2870,5,업무,하이브리드,1~3년,도심,쏘나타_하이브리드
262,2469,3,출퇴근,가솔린,3년이상,도심,쏘나타_가솔린
370,1920,5,업무,상관없음,1~3년,도심,K8_가솔린
792,3415,2,업무,가솔린,3년이상,지방,G80_가솔린
340,3115,4,레저,디젤,1년미만,도심,스포티지_디젤
193,4184,6,출퇴근,하이브리드,3년이상,도심,K8_하이브리드
183,2450,5,업무,상관없음,3년이상,지방,K5_가솔린
710,3033,5,레저,가솔린,3년이상,도심,GV80_가솔린
268,3113,2,출퇴근,디젤,1년미만,지방,아반떼_가솔린
782,2097,6,레저,하이브리드,1~3년,도심,팰리세이드_하이브리드
313,2182,4,가족용,가솔린,1년미만,지방,산타페_가솔린
195,3035,6,출퇴근,전기,3년이상,도심,EV6_전기
590,547,6,출퇴근,전기,3년이상,도심,아이오닉6_전기
583,3920,6,가족용,하이브리드,3년이상,지방,팰리세이드_하이브리드
358,2262,4,가족용,하이브리드,3년이상,도심,K5_하이브리드
604,4936,6,레저,가솔린,3년이상,지방,팰리세이드_가솔린
361,3839,5,가족용,전기,1~3년,도심,아이오닉6_전기
418,4808,5,업무,하이브리드,1~3년,지방,그랜저_하이브리드
791,1854,6,레저,하이브리드,1~3년,지방,팰리세이드_하이브리드
241,2454,1,레저,하이브리드,3년이상,지방,스포티지_하이브리드
306,1887,6,가족용,하이브리드,1년미만,도심,스포티지_하이브리드
431,625,4,가족용,하이브리드,1년미만,도심,스포티지_하이브리드
488,2948,3,업무,가솔린,3년이상,지방,쏘나타_가솔린
291,1130,3,출퇴근,디젤,1~3년,지방,K5_가솔린
267,3824,3,가족용,하이브리드,1년미만,지방,산타페_하이브리드
441,556,6,출퇴근,전기,3년이상,도심,EV6_전기
207,1544,1,레저,디젤,1년미만,도심,아반떼_가솔린
283,2130,6,가족용,전기,3년이상,도심,EV6_전기
304,3018,6,출퇴근,전기,1~3년,도심,아이오닉6_전기
462,2655,3,업무,디젤,1~3년,도심,스포티지_디젤
358,2463,6,출퇴근,하이브리드,1~3년,도심,K8_하이브리드
393,3124,6,레저,가솔린,3년이상,도심,팰리세이드_가솔린
136,2450,6,레저,상관없음,1~3년,지방,셀토스_가솔린
468,5070,3,출퇴근,가솔린,3년이상,지방,그랜저_가솔린
598,1061,4,레저,가솔린,1년미만,도심,코나_가솔린
433,4057,3,레저,디젤,1년미만,지방,스포티지_디젤
334,1462,5,레저,가솔린,1~3년,도심,스포티지_가솔린
407,5042,5,출퇴근,하이브리드,3년이상,지방,그랜저_하이브리드
493,2955,1,레저,하이브리드,3년이상,도심,산타페_하이브리드
195,3020,6,가족용,전기,1~3년,도심,EV6_전기
491,1643,1,출퇴근,전기,1~3년,도심,코나_전기
257,3107,2,업무,하이브리드,3년이상,지방,아반떼_하이브리드
216,3802,5,출퇴근,가솔린,3년이상,도심,K8_가솔린
301,1030,3,출퇴근,상관없음,3년이상,도심,K5_가솔린
608,531,6,출퇴근,전기,3년이상,도심,아이오닉6_전기
170,2808,6,가족용,가솔린,3년이상,지방,쏘나타_가솔린
333,1564,5,가족용,전기,3년이상,도심,EV6_전기
357,1697,3,가족용,하이브리드,1~3년,도심,K5_하이브리드
807,447,5,가족용,전기,1년미만,도심,코나_전기
410,389,4,레저,가솔린,3년이상,도심,스포티지_가솔린
299,1073,4,출퇴근,전기,3년이상,지방,K5_가솔린
239,4967,6,업무,상관없음,1~3년,도심,그랜저_가솔린
489,2621,4,업무,디젤,1년미만,도심,스포티지_디젤
590,4996,1,가족용,하이브리드,3년이상,지방,산타페_하이브리드
350,392,4,출퇴근,가솔린,3년이상,지방,K5_가솔린
492,652,4,가족용,하이브리드,1~3년,도심,산타페_하이브리드
683,4946,2,가족용,하이브리드,3년이상,도심,산타페_하이브리드
480,1515,4,레저,상관없음,3년이상,지방,산타페_가솔린
297,2415,3,가족용,하이브리드,3년이상,지방,산타페_하이브리드
497,2687,6,업무,전기,1~3년,지방,그랜저_가솔린
495,505,5,출퇴근,하이브리드,1~3년,지방,K8_하이브리드
403,551,5,가족용,전기,1~3년,도심,EV6_전기
602,1047,6,레저,하이브리드,3년이상,지방,팰리세이드_하이브리드
288,1184,4,출퇴근,전기,3년이상,도심,K5_가솔린
156,4967,4,업무,상관없음,3년이상,도심,쏘나타_가솔린
217,3823,6,출퇴근,가솔린,1~3년,도심,K8_가솔린
258,1046,6,레저,하이브리드,1년미만,도심,아반떼_하이브리드
346,4909,5,가족용,디젤,1년미만,도심,스포티지_디젤
302,1034,3,업무,전기,1~3년,지방,K5_가솔린
619,5178,3,레저,하이브리드,1~3년,도심,산타페_하이브리드
334,1546,6,레저,하이브리드,1년미만,도심,스포티지_하이브리드
419,3135,5,가족용,하이브리드,3년이상,도심,팰리세이드_하이브리드
603,1002,1,가족용,상관없음,1년미만,지방,아반떼_가솔린
783,996,1,출퇴근,디젤,1~3년,도심,스포티지_디젤
407,4938,5,업무,하이브리드,1~3년,지방,그랜저_하이브리드
140,3974,3,레저,하이브리드,1~3년,도심,스포티지_하이브리드
515,2153,4,업무,디젤,1년미만,도심,스포티지_디젤
359,2886,6,출퇴근,전기,3년이상,도심,아이오닉6_전기
792,3063,1,출퇴근,하이브리드,3년이상,도심,아반떼_하이브리드
182,2195,3,출퇴근,하이브리드,1년미만,지방,아반떼_하이브리드
444,2079,5,출퇴근,전기,1~3년,도심,아이오닉6_전기
283,1811,6,업무,전기,1~3년,도심,EV6_전기
236,1924,1,레저,하이브리드,1년미만,도심,아반떼_하이브리드
353,464,4,업무,전기,3년이상,도심,K5_가솔린
318,1069,4,가족용,가솔린,3년이상,도심,쏘나타_가솔린
742,4418,3,출퇴근,가솔린,3년이상,지방,G80_가솔린
454,2861,2,레저,가솔린,1~3년,도심,코나_가솔린
248,1105,1,레저,디젤,1년미만,도심,셀토스_가솔린
461,2433,5,레저,하이브리드,1~3년,도심,팰리세이드_하이브리드
785,1098,5,레저,가솔린,3년이상,지방,팰리세이드_가솔린
345,1853,3,출퇴근,하이브리드,3년이상,도심,K5_하이브리드
394,1813,6,업무,하이브리드,3년이상,지방,K8_하이브리드
193,3183,6,가족용,전기,3년이상,도심,EV6_전기
590,2091,6,가족용,전기,3년이상,도심,아이오닉6_전기
334,2399,6,업무,가솔린,1~3년,도심,K8_가솔린
209,2069,5,업무,상관없음,1~3년,지방,K5_가솔린
588,402,5,가족용,가솔린,3년이상,도심,팰리세이드_가솔린
703,1337,4,가족용,전기,3년이상,지방,G80_전기
302,1841,4,가족용,전기,3년이상,지방,스포티지_가솔린
413,4068,2,레저,상관없음,1년미만,도심,코나_전기
257,1622,4,출퇴근,디젤,3년이상,도심,K5_가솔린
340,4004,6,레저,가솔린,1~3년,지방,팰리세이드_가솔린
359,2401,4,업무,가솔린,1년미만,지방,아반떼_가솔린
412,4820,4,출퇴근,전기,1~3년,도심,G80_전기
155,4895,6,가족용,가솔린,1년미만,지방,아반떼_가솔린
681,2594,6,업무,디젤,3년이상,도심,스포티지_디젤
132,5093,6,레저,가솔린,1~3년,지방,셀토스_가솔린
587,4970,5,레저,하이브리드,3년이상,도심,팰리세이드_하이브리드
368,3938,4,가족용,상관없음,3년이상,지방,산타페_가솔린
820,325,3,레저,하이브리드,3년이상,도심,산타페_하이브리드
315,1421,2,가족용,전기,3년이상,도심,EV6_전기
284,3009,5,업무,상관없음,1~3년,도심,K8_가솔린
131,2640,4,레저,전기,1년미만,지방,셀토스_가솔린
134,2972,6,레저,가솔린,3년이상,지방,셀토스_가솔린
692,512,6,출퇴근,전기,1~3년,도심,아이오닉6_전기
317,2628,5,업무,가솔린,1~3년,지방,K8_가솔린
717,4193,5,레저,가솔린,3년이상,지방,팰리세이드_가솔린
210,2906,6,출퇴근,전기,3년이상,도심,EV6_전기
242,2531,6,출퇴근,전기,3년이상,도심,EV6_전기
257,3042,6,가족용,전기,3년이상,도심,아이오닉6_전기
455,988,6,출퇴근,상관없음,1~3년,도심,K8_하이브리드
506,1652,6,레저,가솔린,1~3년,도심,팰리세이드_가솔린
416,607,4,출퇴근,전기,1~3년,지방,쏘나타_하이브리드
366,1342,6,레저,하이브리드,1년미만,도심,스포티지_하이브리드
687,3174,1,업무,하이브리드,1년미만,도심,아반떼_하이브리드
194,1809,6,가족용,하이브리드,1년미만,지방,아반떼_하이브리드
463,2658,6,레저,하이브리드,1~3년,지방,팰리세이드_하이브리드
137,4899,6,레저,가솔린,3년이상,지방,코나_가솔린
160,4104,6,출퇴근,전기,1~3년,도심,아이오닉6_전기
814,495,6,가족용,디젤,3년이상,지방,스포티지_디젤
795,3861,5,레저,상관없음,3년이상,도심,팰리세이드_가솔린
504,4138,1,업무,하이브리드,3년이상,도심,아반떼_하이브리드
602,4151,2,업무,가솔린,3년이상,지방,아반떼_가솔린
254,2878,3,출퇴근,가솔린,3년이상,지방,쏘나타_가솔린
198,1939,3,가족용,상관없음,1년미만,도심,아반떼_가솔린
282,4998,6,출퇴근,가솔린,1~3년,도심,그랜저_가솔린
686,1487,3,레저,디젤,1년미만,지방,스포티지_디젤
246,1126,3,레저,전기,3년이상,도심,셀토스_가솔린
505,5140,6,출퇴근,전기,1년미만,지방,G80_전기
131,5014,1,레저,디젤,1~3년,지방,셀토스_가솔린
363,2866,5,업무,상관없음,3년이상,지방,그랜저_가솔린
390,4824,6,레저,하이브리드,3년이상,도심,팰리세이드_하이브리드
364,4072,6,레저,상관없음,1년미만,지방,코나_가솔린
516,682,5,레저,하이브리드,1~3년,도심,산타페_하이브리드
484,600,1,출퇴근,전기,1년미만,도심,코나_전기
791,2507,5,출퇴근,전기,1~3년,도심,G80_전기
148,2991,4,레저,하이브리드,3년이상,지방,아반떼_하이브리드
246,3049,5,업무,가솔린,3년이상,지방,쏘나타_가솔린
316,3183,4,출퇴근,하이브리드,3년이상,지방,쏘나타_하이브리드
460,930,6,출퇴근,상관없음,1~3년,지방,K8_하이브리드
804,976,6,업무,하이브리드,3년이상,도심,그랜저_하이브리드
270,2468,3,레저,하이브리드,1~3년,도심,스포티지_하이브리드
166,2835,2,레저,상관없음,1~3년,도심,코나_가솔린
392,1591,6,출퇴근,상관없음,3년이상,도심,K8_하이브리드
503,3052,5,가족용,디젤,1년미만,지방,스포티지_디젤
597,5007,6,출퇴근,하이브리드,3년이상,지방,그랜저_하이브리드
480,579,6,업무,가솔린,1~3년,지방,K8_가솔린
719,2610,5,레저,상관없음,1년미만,도심,코나_전기
319,1347,3,업무,상관없음,3년이상,도심,쏘나타_가솔린
599,1528,6,출퇴근,전기,3년이상,도심,아이오닉6_전기
259,1618,5,출퇴근,디젤,3년이상,도심,스포티지_디젤
490,492,6,업무,전기,3년이상,지방,K8_가솔린
689,4989,2,가족용,하이브리드,1~3년,도심,산타페_하이브리드
400,882,3,업무,디젤,1~3년,지방,스포티지_디젤
189,2538,5,출퇴근,상관없음,3년이상,도심,쏘나타_하이브리드
247,2157,4,가족용,상관없음,3년이상,도심,스포티지_가솔린
219,2426,6,출퇴근,가솔린,1~3년,도심,쏘나타_가솔린
518,5053,6,가족용,하이브리드,3년이상,도심,팰리세이드_하이브리드
305,3151,6,출퇴근,상관없음,3년이상,지방,그랜저_가솔린
787,4886,1,레저,가솔린,1~3년,지방,코나_가솔린
133,4144,5,레저,가솔린,1~3년,도심,셀토스_가솔린
214,3086,5,가족용,하이브리드,1년미만,도심,스포티지_하이브리드
318,904,5,출퇴근,가솔린,3년이상,지방,K5_가솔린
436,5138,6,가족용,전기,1~3년,도심,G80_전기
348,2452,5,업무,하이브리드,3년이상,도심,K8_하이브리드
308,388,5,레저,디젤,1년미만,지방,셀토스_가솔린
196,1597,3,출퇴근,가솔린,3년이상,지방,아반떼_가솔린
520,2628,3,업무,하이브리드,3년이상,지방,쏘나타_하이브리드
455,2970,5,출퇴근,전기,1~3년,지방,그랜저_가솔린
418,1306,5,출퇴근,상관없음,1~3년,지방,K8_하이브리드
414,4138,3,출퇴근,상관없음,3년이상,지방,쏘나타_하이브리드
349,1348,4,가족용,하이브리드,1~3년,지방,스포티지_하이브리드
151,2846,3,가족용,가솔린,1~3년,지방,K5_가솔린
265,600,5,가족용,가솔린,1~3년,지방,아반떼_가솔린
482,4912,1,레저,하이브리드,1~3년,도심,산타페_하이브리드
405,561,5,출퇴근,전기,3년이상,도심,EV6_전기
284,2914,5,업무,상관없음,3년이상,도심,K8_하이브리드
494,1553,5,출퇴근,전기,1~3년,지방,그랜저_가솔린
264,1602,5,업무,상관없음,1~3년,지방,쏘나타_가솔린
386,5081,6,업무,하이브리드,1~3년,지방,그랜저_하이브리드
305,2677,6,출퇴근,가솔린,1~3년,지방,K8_가솔린
704,1383,2,레저,디젤,1년미만,지방,스포티지_디젤
802,891,5,업무,상관없음,1년미만,도심,코나_전기
339,1147,5,출퇴근,상관없음,3년이상,지방,쏘나타_하이브리드
357,2550,6,출퇴근,하이브리드,3년이상,도심,K8_하이브리드
492,2855,4,출퇴근,상관없음,1년미만,지방,아반떼_가솔린
411,1676,6,출퇴근,하이브리드,3년이상,지방,K8_하이브리드
242,1828,6,출퇴근,상관없음,1~3년,지방,K5_가솔린
706,2804,3,업무,하이브리드,1~3년,도심,쏘나타_하이브리드
614,4915,2,업무,가솔린,3년이상,지방,G80_가솔린
463,1579,5,가족용,전기,3년이상,도심,아이오닉6_전기
497,4153,4,업무,하이브리드,1년미만,도심,아반떼_하이브리드
587,2129,5,가족용,전기,3년이상,도심,아이오닉6_전기
693,1170,3,업무,하이브리드,1~3년,도심,쏘나타_하이브리드
289,1939,5,출퇴근,전기,1~3년,도심,EV6_전기
396,1604,6,업무,가솔린,1~3년,지방,K8_가솔린
613,1900,5,레저,하이브리드,3년이상,지방,팰리세이드_하이브리드
135,4160,3,가족용,상관없음,3년이상,지방,쏘나타_하이브리드
695,4953,1,업무,가솔린,3년이상,도심,아반떼_가솔린
796,1307,6,가족용,전기,3년이상,도심,G80_전기
134,4848,1,레저,가솔린,1~3년,지방,셀토스_가솔린
345,2184,5,출퇴근,상관없음,1~3년,지방,K8_하이브리드
582,1142,1,출퇴근,디젤,1년미만,도심,아반떼_가솔린
453,1877,5,업무,하이브리드,1년미만,지방,아반떼_하이브리드
319,1631,3,가족용,하이브리드,1~3년,지방,스포티지_하이브리드
801,1021,6,레저,디젤,1~3년,지방,스포티지_디젤
817,2066,3,레저,전기,3년이상,도심,코나_전기
131,2537,6,업무,상관없음,1~3년,도심,아반떼_가솔린
440,1142,6,출퇴근,가솔린,1~3년,도심,K8_가솔린
247,5167,6,레저,하이브리드,3년이상,지방,팰리세이드_하이브리드
418,388,4,가족용,하이브리드,1~3년,도심,스포티지_하이브리드
132,3899,2,레저,상관없음,3년이상,지방,셀토스_가솔린
353,2144,5,업무,가솔린,3년이상,지방,K8_가솔린
334,2417,5,업무,가솔린,1~3년,도심,K8_가솔린
402,1604,6,업무,가솔린,3년이상,도심,K8_가솔린
591,1674,2,출퇴근,디젤,3년이상,지방,스포티지_디젤
607,3131,6,가족용,가솔린,3년이상,지방,팰리세이드_가솔린
710,3932,6,업무,가솔린,1~3년,도심,그랜저_가솔린
502,409,5,업무,전기,3년이상,지방,K8_가솔린
438,1110,6,업무,가솔린,3년이상,도심,K8_가솔린
164,2659,3,출퇴근,디젤,3년이상,지방,K5_가솔린
703,404,6,업무,하이브리드,3년이상,도심,그랜저_하이브리드
716,4184,3,업무,하이브리드,3년이상,지방,쏘나타_하이브리드
205,4837,5,출퇴근,하이브리드,1년미만,지방,아반떼_하이브리드
440,1305,5,업무,하이브리드,1~3년,도심,K8_하이브리드
796,2098,4,업무,가솔린,1~3년,도심,쏘나타_가솔린
795,1956,6,레저,하이브리드,3년이상,지방,팰리세이드_하이브리드
614,3975,6,가족용,가솔린,3년이상,도심,팰리세이드_가솔린
411,2912,6,출퇴근,전기,3년이상,도심,아이오닉6_전기
343,2908,4,레저,하이브리드,1년미만,도심,산타페_하이브리드
301,5148,4,출퇴근,디젤,1년미만,지방,스포티지_디젤
496,2038,3,업무,상관없음,1년미만,도심,코나_전기
496,1128,5,업무,하이브리드,1~3년,지방,그랜저_하이브리드
230,2445,1,가족용,전기,1~3년,도심,EV6_전기
239,1828,6,출퇴근,상관없음,3년이상,지방,K5_가솔린
587,5131,5,출퇴근,전기,3년이상,지방,G80_전기
638,4504,2,업무,가솔린,3년이상,도심,G80_가솔린
520,1941,1,레저,가솔린,1년미만,지방,코나_가솔린
598,1452,5,가족용,상관없음,3년이상,도심,팰리세이드_가솔린
309,2972,4,가족용,디젤,1~3년,도심,스포티지_디젤
362,940,6,업무,하이브리드,1~3년,지방,쏘나타_하이브리드
352,2288,2,출퇴근,하이브리드,1~3년,도심,K5_하이브리드
403,1489,6,업무,전기,3년이상,지방,K8_하이브리드
789,1359,2,레저,가솔린,3년이상,지방,코나_가솔린
259,3079,3,가족용,상관없음,1~3년,도심,산타페_가솔린
205,3982,5,출퇴근,가솔린,1~3년,도심,K8_가솔린
811,2889,6,가족용,하이브리드,3년이상,도심,팰리세이드_하이브리드
351,1158,3,레저,가솔린,3년이상,지방,스포티지_가솔린
297,3191,6,업무,하이브리드,3년이상,지방,K8_하이브리드
607,3462,1,업무,가솔린,3년이상,지방,G80_가솔린
400,1558,5,업무,상관없음,3년이상,도심,K8_가솔린
132,2821,5,레저,가솔린,1~3년,도심,셀토스_가솔린
447,908,5,가족용,하이브리드,3년이상,지방,산타페_하이브리드
297,1633,3,가족용,가솔린,3년이상,도심,스포티지_가솔린
334,1098,5,가족용,상관없음,3년이상,지방,스포티지_가솔린
168,2098,5,레저,전기,1년미만,도심,코나_가솔린
404,3156,4,업무,하이브리드,1~3년,지방,쏘나타_하이브리드
206,3096,3,가족용,상관없음,3년이상,지방,스포티지_가솔린
208,1385,2,레저,하이브리드,1년미만,지방,아반떼_가솔린
694,3159,3,가족용,전기,3년이상,도심,G80_전기
259,3991,2,레저,상관없음,1~3년,지방,코나_가솔린
236,5081,6,가족용,전기,3년이상,도심,아이오닉6_전기
356,2497,6,출퇴근,하이브리드,1~3년,지방,K8_하이브리드
348,1171,4,출퇴근,상관없음,3년이상,도심,쏘나타_하이브리드
197,2904,5,레저,하이브리드,1년미만,도심,스포티지_하이브리드
687,2968,5,업무,하이브리드,1~3년,도심,그랜저_하이브리드
399,1914,1,레저,디젤,1~3년,지방,스포티지_디젤
140,3184,4,레저,전기,3년이상,지방,코나_가솔린
344,2177,3,업무,하이브리드,1년미만,도심,아반떼_하이브리드
257,2659,6,가족용,전기,3년이상,도심,EV6_전기
512,351,5,출퇴근,전기,1~3년,지방,그랜저_가솔린
207,3138,4,출퇴근,상관없음,1~3년,지방,쏘나타_하이브리드
709,4125,5,가족용,상관없음,1~3년,지방,산타페_가솔린
686,2954,3,레저,하이브리드,3년이상,지방,산타페_하이브리드
580,5032,5,업무,상관없음,3년이상,지방,그랜저_가솔린
389,1164,2,가족용,디젤,3년이상,도심,스포티지_디젤
416,3819,5,가족용,전기,1~3년,지방,산타페_가솔린
593,944,6,업무,상관없음,3년이상,도심,그랜저_가솔린
240,4081,4,가족용,하이브리드,1~3년,지방,산타페_하이브리드
356,4030,6,업무,디젤,1~3년,도심,스포티지_디젤
597,2542,4,출퇴근,하이브리드,3년이상,도심,쏘나타_하이브리드
312,2115,5,출퇴근,전기,3년이상,도심,EV6_전기
432,3167,6,레저,상관없음,3년이상,도심,팰리세이드_가솔린
701,2429,5,업무,상관없음,3년이상,도심,G80_전기
489,814,6,출퇴근,전기,3년이상,도심,아이오닉6_전기
588,4200,5,업무,가솔린,3년이상,지방,그랜저_가솔린
456,933,6,업무,가솔린,1~3년,지방,K8_가솔린
712,4186,4,업무,전기,1~3년,도심,G80_전기
681,3170,6,가족용,가솔린,3년이상,지방,팰리세이드_가솔린
261,2016,4,업무,전기,3년이상,지방,쏘나타_가솔린
391,1906,4,출퇴근,하이브리드,3년이상,도심,K5_하이브리드
303,1454,1,레저,전기,1년미만,도심,코나_가솔린
817,2604,2,레저,가솔린,1~3년,지방,코나_가솔린
443,3832,5,업무,하이브리드,1~3년,도심,그랜저_하이브리드
295,1659,3,가족용,가솔린,1~3년,도심,스포티지_가솔린
304,434,2,레저,전기,3년이상,도심,셀토스_가솔린
134,2501,4,레저,전기,3년이상,도심,셀토스_가솔린
701,427,6,출퇴근,전기,3년이상,도심,아이오닉6_전기
468,2532,5,업무,가솔린,3년이상,도심,그랜저_가솔린
492,2312,6,가족용,하이브리드,1년미만,지방,산타페_하이브리드
368,3003,1,출퇴근,하이브리드,1~3년,지방,아반떼_하이브리드
590,3918,1,레저,상관없음,1년미만,지방,코나_가솔린
809,3975,6,업무,하이브리드,1~3년,도심,그랜저_하이브리드
515,2975,5,출퇴근,상관없음,3년이상,지방,그랜저_가솔린
306,1437,5,레저,전기,1~3년,도심,스포티지_가솔린
580,4135,2,가족용,디젤,1~3년,도심,스포티지_디젤
608,3176,5,레저,가솔린,3년이상,지방,GV80_가솔린
209,2084,5,출퇴근,전기,1~3년,지방,K5_가솔린
399,617,2,가족용,하이브리드,1~3년,지방,스포티지_하이브리드
495,1470,5,출퇴근,가솔린,1~3년,도심,그랜저_가솔린
242,5173,2,가족용,가솔린,1~3년,도심,산타페_가솔린
586,2965,5,레저,상관없음,1년미만,지방,코나_가솔린
617,4688,6,레저,가솔린,3년이상,도심,GV80_가솔린
267,4837,5,가족용,가솔린,3년이상,지방,팰리세이드_가솔린
440,1093,6,업무,가솔린,3년이상,지방,K8_가솔린
148,4112,6,가족용,전기,1~3년,도심,EV6_전기
131,4145,6,가족용,전기,1~3년,지방,EV6_전기
364,5005,5,업무,하이브리드,3년이상,도심,그랜저_하이브리드
281,2850,6,가족용,하이브리드,1년미만,도심,산타페_하이브리드
290,1511,1,레저,전기,1~3년,도심,코나_가솔린
667,4167,6,레저,가솔린,3년이상,도심,GV80_가솔린
254,2583,4,출퇴근,전기,3년이상,지방,쏘나타_하이브리드
797,690,2,업무,상관없음,3년이상,지방,아반떼_가솔린
655,3654,6,가족용,가솔린,3년이상,지방,GV80_가솔린
420,2651,4,레저,가솔린,1년미만,지방,코나_가솔린
202,1655,4,레저,가솔린,3년이상,지방,셀토스_가솔린
232,5110,6,업무,하이브리드,1~3년,도심,그랜저_하이브리드
432,3199,4,출퇴근,하이브리드,3년이상,지방,쏘나타_하이브리드
780,1318,6,레저,가솔린,1~3년,도심,팰리세이드_가솔린
582,319,2,가족용,디젤,3년이상,지방,스포티지_디젤
683,1627,4,업무,가솔린,1년미만,지방,아반떼_가솔린
705,626,5,가족용,가솔린,3년이상,지방,팰리세이드_가솔린
304,3867,1,출퇴근,하이브리드,3년이상,지방,아반떼_하이브리드
133,2830,2,레저,상관없음,1년미만,도심,셀토스_가솔린
336,1561,4,가족용,가솔린,3년이상,도심,스포티지_가솔린
788,2476,6,가족용,상관없음,3년이상,지방,팰리세이드_가솔린
515,845,5,레저,상관없음,3년이상,도심,팰리세이드_가솔린
405,1506,5,출퇴근,가솔린,3년이상,지방,K8_가솔린
596,2078,6,레저,하이브리드,1~3년,지방,팰리세이드_하이브리드
811,612,4,가족용,전기,3년이상,도심,G80_전기
333,1000,3,출퇴근,상관없음,3년이상,도심,쏘나타_하이브리드
188,2685,3,출퇴근,하이브리드,3년이상,도심,쏘나타_하이브리드
438,1109,5,출퇴근,상관없음,3년이상,지방,K8_하이브리드
337,1324,5,출퇴근,전기,1~3년,도심,EV6_전기
245,2058,3,가족용,가솔린,3년이상,도심,스포티지_가솔린
345,1161,4,가족용,상관없음,1~3년,도심,스포티지_가솔린
720,1557,6,업무,전기,3년이상,지방,G80_전기
819,1021,2,출퇴근,하이브리드,1년미만,도심,아반떼_하이브리드
180,4868,3,업무,하이브리드,3년이상,지방,쏘나타_하이브리드
262,4939,2,출퇴근,전기,1년미만,지방,아반떼_가솔린
443,2839,6,가족용,상관없음,1~3년,지방,산타페_가솔린
707,4634,6,레저,가솔린,3년이상,도심,GV80_가솔린
681,3833,5,출퇴근,하이브리드,3년이상,도심,그랜저_하이브리드
130,2908,6,레저,상관없음,3년이상,도심,셀토스_가솔린
708,1016,6,출퇴근,전기,1~3년,도심,G80_전기
503,2901,6,가족용,전기,3년이상,도심,아이오닉6_전기
314,1863,5,가족용,하이브리드,1~3년,도심,스포티지_하이브리드
499,4088,4,업무,가솔린,1~3년,도심,쏘나타_가솔린
611,4081,5,업무,상관없음,1~3년,지방,그랜저_가솔린
448,4856,4,업무,상관없음,1~3년,도심,G80_전기
231,1306,5,레저,가솔린,1년미만,지방,셀토스_가솔린
352,3926,3,출퇴근,하이브리드,1년미만,도심,아반떼_하이브리드
807,5110,4,업무,전기,1년미만,도심,코나_전기
735,3406,5,가족용,가솔린,3년이상,지방,GV80_가솔린
185,3179,5,레저,가솔린,3년이상,지방,스포티지_가솔린
340,374,3,업무,하이브리드,1~3년,도심,아반떼_하이브리드
696,4667,3,출퇴근,가솔린,3년이상,지방,G80_가솔린
146,3951,2,레저,전기,1년미만,지방,코나_전기
344,4154,2,가족용,상관없음,1~3년,지방,산타페_가솔린
358,2937,6,업무,상관없음,3년이상,도심,그랜저_가솔린
437,1123,6,업무,상관없음,1~3년,도심,K8_가솔린
354,429,3,가족용,가솔린,1~3년,도심,K5_가솔린
386,1666,2,가족용,하이브리드,3년이상,도심,K5_하이브리드
308,2008,6,업무,상관없음,1~3년,도심,쏘나타_가솔린
393,885,6,출퇴근,가솔린,3년이상,도심,쏘나타_가솔린
282,693,2,레저,디젤,1년미만,지방,셀토스_가솔린
341,1486,3,레저,하이브리드,1~3년,도심,스포티지_하이브리드
242,5087,6,출퇴근,가솔린,1년미만,지방,아반떼_가솔린
241,2662,4,가족용,하이브리드,1~3년,도심,스포티지_하이브리드
686,1357,6,업무,가솔린,1~3년,도심,그랜저_가솔린
154,2875,3,업무,가솔린,3년이상,지방,K5_가솔린
313,610,4,레저,상관없음,1년미만,도심,코나_가솔린
689,4925,3,업무,가솔린,3년이상,지방,G80_가솔린
131,3835,6,가족용,전기,1~3년,지방,EV6_전기
203,2140,5,업무,디젤,1~3년,도심,K5_가솔린
715,1520,2,출퇴근,전기,1~3년,도심,코나_전기
357,2529,5,업무,하이브리드,3년이상,지방,K8_하이브리드
504,2577,6,가족용,전기,1~3년,도심,아이오닉6_전기
233,2416,4,레저,전기,3년이상,도심,EV6_전기
368,918,6,가족용,하이브리드,1년미만,도심,스포티지_하이브리드
589,2574,5,업무,하이브리드,3년이상,도심,그랜저_하이브리드
180,4151,2,레저,가솔린,3년이상,도심,코나_가솔린
380,1945,6,업무,하이브리드,1~3년,지방,K8_하이브리드
795,3050,5,출퇴근,하이브리드,3년이상,도심,그랜저_하이브리드
784,4941,4,가족용,전기,1년미만,도심,코나_전기
815,5043,5,레저,상관없음,1년미만,지방,코나_가솔린
367,2537,1,업무,가솔린,3년이상,도심,아반떼_가솔린
710,2597,5,업무,상관없음,3년이상,도심,G80_전기
719,1196,6,업무,하이브리드,1~3년,지방,그랜저_하이브리드
282,2026,6,출퇴근,상관없음,3년이상,도심,쏘나타_하이브리드
689,1374,2,출퇴근,디젤,1~3년,지방,스포티지_디젤
703,1346,3,가족용,디젤,1년미만,도심,스포티지_디젤
807,4019,4,업무,가솔린,1년미만,도심,아반떼_가솔린
499,3053,5,레저,가솔린,1~3년,지방,팰리세이드_가솔린
790,3385,6,가족용,가솔린,3년이상,지방,GV80_가솔린
450,2313,1,레저,상관없음,3년이상,도심,코나_전기
212,2835,6,레저,하이브리드,3년이상,도심,스포티지_하이브리드
680,2822,6,업무,전기,3년이상,도심,G80_전기
808,3188,6,출퇴근,전기,1~3년,지방,G80_전기
707,3985,2,레저,상관없음,1~3년,도심,코나_전기
718,2997,1,가족용,디젤,1~3년,도심,스포티지_디젤
237,4018,4,업무,가솔린,3년이상,도심,쏘나타_가솔린
430,3037,1,레저,가솔린,3년이상,도심,코나_가솔린
436,3871,3,업무,가솔린,1~3년,도심,쏘나타_가솔린
764,4473,1,업무,가솔린,3년이상,도심,G80_가솔린
372,1833,4,출퇴근,하이브리드,1~3년,도심,K5_하이브리드
393,1669,6,업무,가솔린,3년이상,지방,K8_가솔린
618,2852,6,가족용,전기,1~3년,도심,G80_전기
131,3995,1,레저,가솔린,3년이상,도심,셀토스_가솔린
306,915,5,가족용,상관없음,3년이상,지방,K5_가솔린
509,1607,3,레저,가솔린,3년이상,지방,산타페_가솔린
691,499,5,가족용,전기,3년이상,도심,아이오닉6_전기
805,1170,5,레저,가솔린,3년이상,도심,팰리세이드_가솔린
246,1564,4,출퇴근,전기,1년미만,도심,아반떼_가솔린
360,352,5,업무,가솔린,3년이상,도심,K5_가솔린
293,4983,5,가족용,상관없음,3년이상,도심,팰리세이드_가솔린
388,4091,4,가족용,상관없음,3년이상,도심,산타페_가솔린
341,4059,1,출퇴근,상관없음,1~3년,지방,아반떼_가솔린
296,4039,4,출퇴근,가솔린,3년이상,지방,그랜저_가솔린
716,4174,4,업무,하이브리드,1~3년,지방,쏘나타_하이브리드
354,2188,4,가족용,하이브리드,3년이상,도심,K5_하이브리드
812,2345,5,레저,상관없음,3년이상,지방,팰리세이드_가솔린
386,585,5,가족용,상관없음,3년이상,도심,스포티지_가솔린
282,2987,6,출퇴근,상관없음,1~3년,도심,K8_하이브리드
496,846,2,가족용,상관없음,1년미만,도심,코나_전기
793,3784,2,출퇴근,가솔린,3년이상,지방,G80_가솔린
492,1537,5,출퇴근,전기,3년이상,지방,그랜저_가솔린
784,1409,5,출퇴근,상관없음,3년이상,도심,G80_전기
430,1193,6,레저,디젤,1~3년,도심,스포티지_디젤
410,662,6,가족용,전기,3년이상,도심,EV6_전기
406,1555,6,출퇴근,전기,3년이상,지방,K8_하이브리드
520,5017,5,레저,상관없음,1년미만,지방,코나_가솔린
206,2995,5,가족용,전기,3년이상,도심,EV6_전기
504,1626,5,레저,하이브리드,1~3년,지방,팰리세이드_하이브리드
384,3802,5,업무,하이브리드,1~3년,지방,그랜저_하이브리드
200,4006,5,업무,상관없음,1~3년,지방,K8_가솔린
319,470,6,가족용,하이브리드,3년이상,지방,아반떼_하이브리드
220,3960,5,업무,하이브리드,1~3년,도심,K8_하이브리드
361,2094,5,업무,가솔린,3년이상,도심,K8_가솔린
180,2659,2,레저,가솔린,3년이상,지방,코나_가솔린
359,2939,6,업무,하이브리드,3년이상,지방,그랜저_하이브리드
800,1525,1,업무,디젤,3년이상,지방,스포티지_디젤
385,2468,4,출퇴근,하이브리드,1~3년,도심,K5_하이브리드
582,3076,5,레저,전기,3년이상,도심,G80_전기
317,1394,6,레저,가솔린,1~3년,지방,스포티지_가솔린
519,3144,6,출퇴근,하이브리드,1~3년,도심,그랜저_하이브리드
346,1343,5,레저,상관없음,3년이상,지방,스포티지_가솔린
454,356,1,출퇴근,하이브리드,1년미만,도심,아반떼_하이브리드
588,4881,2,레저,디젤,1~3년,도심,스포티지_디젤
508,2577,6,업무,하이브리드,3년이상,도심,그랜저_하이브리드
132,4086,6,업무,하이브리드,3년이상,도심,쏘나타_하이브리드
809,970,5,출퇴근,하이브리드,3년이상,도심,그랜저_하이브리드
235,2699,4,가족용,디젤,1~3년,도심,스포티지_디젤
470,1592,5,업무,하이브리드,3년이상,도심,그랜저_하이브리드
484,559,6,업무,상관없음,1~3년,도심,K8_가솔린
585,5048,5,출퇴근,하이브리드,3년이상,지방,그랜저_하이브리드
700,3088,4,출퇴근,전기,3년이상,도심,G80_전기
292,4852,5,가족용,하이브리드,3년이상,지방,팰리세이드_하이브리드
511,3157,4,출퇴근,상관없음,3년이상,지방,쏘나타_하이브리드
329,1730,4,출퇴근,하이브리드,3년이상,도심,K5_하이브리드
351,1039,1,레저,하이브리드,3년이상,지방,스포티지_하이브리드
514,3158,1,가족용,상관없음,1~3년,지방,산타페_가솔린
394,2385,4,가족용,하이브리드,1~3년,도심,K5_하이브리드
707,1023,6,출퇴근,전기,3년이상,도심,아이오닉6_전기
194,4856,1,가족용,하이브리드,1~3년,지방,산타페_하이브리드
793,2561,6,가족용,하이브리드,3년이상,지방,팰리세이드_하이브리드
462,2057,5,출퇴근,하이브리드,1년미만,도심,아반떼_하이브리드
715,3112,2,출퇴근,디젤,3년이상,지방,스포티지_디젤
491,2507,1,출퇴근,상관없음,1~3년,지방,아반떼_가솔린
480,611,5,출퇴근,가솔린,1~3년,지방,K8_가솔린
291,2836,5,출퇴근,가솔린,3년이상,도심,K8_가솔린
623,4676,6,레저,가솔린,3년이상,지방,GV80_가솔린
499,2068,3,레저,가솔린,1~3년,도심,산타페_가솔린
482,828,2,레저,가솔린,3년이상,지방,코나_가솔린
811,303,5,업무,가솔린,1년미만,지방,아반떼_가솔린
405,2583,2,레저,디젤,3년이상,지방,스포티지_디젤
718,3802,3,레저,상관없음,1~3년,지방,산타페_가솔린
437,4803,2,가족용,하이브리드,1~3년,지방,산타페_하이브리드
816,1665,4,레저,가솔린,1~3년,도심,산타페_가솔린
785,4993,3,업무,전기,1~3년,도심,G80_전기
405,5037,4,레저,하이브리드,3년이상,지방,산타페_하이브리드
587,3840,5,가족용,상관없음,1~3년,도심,G80_전기
302,3966,6,가족용,가솔린,3년이상,도심,팰리세이드_가솔린
356,435,6,업무,가솔린,1~3년,도심,K5_가솔린
293,2901,6,출퇴근,가솔린,3년이상,도심,K8_가솔린
782,1882,4,가족용,가솔린,3년이상,지방,산타페_가솔린
803,633,4,업무,하이브리드,1년미만,지방,아반떼_하이브리드
808,1871,1,레저,가솔린,3년이상,도심,코나_가솔린
400,5076,6,출퇴근,하이브리드,3년이상,지방,그랜저_하이브리드
249,1089,1,레저,전기,1년미만,지방,셀토스_가솔린
248,3867,5,출퇴근,하이브리드,3년이상,도심,K8_하이브리드
307,1020,5,출퇴근,디젤,3년이상,지방,K5_가솔린
608,2114,4,출퇴근,가솔린,3년이상,도심,그랜저_가솔린
588,2303,3,레저,하이브리드,1~3년,도심,산타페_하이브리드
292,1312,1,레저,디젤,3년이상,도심,스포티지_디젤
433,2878,6,레저,하이브리드,3년이상,도심,팰리세이드_하이브리드
341,2480,5,출퇴근,하이브리드,1~3년,도심,K8_하이브리드
386,530,5,가족용,전기,1년미만,지방,스포티지_가솔린
144,2975,2,레저,상관없음,1년미만,도심,코나_가솔린
804,3892,4,출퇴근,하이브리드,1~3년,도심,쏘나타_하이브리드
438,1324,4,레저,하이브리드,1년미만,지방,산타페_하이브리드
282,2161,5,레저,상관없음,1~3년,지방,스포티지_가솔린
594,665,3,가족용,가솔린,3년이상,지방,산타페_가솔린
297,3037,5,업무,가솔린,3년이상,도심,그랜저_가솔린
309,1650,6,가족용,전기,1~3년,도심,EV6_전기
513,4861,2,레저,가솔린,1~3년,도심,코나_가솔린
788,388,6,출퇴근,전기,1년미만,지방,G80_전기
580,838,6,레저,상관없음,1년미만,지방,코나_가솔린
378,1885,3,출퇴근,하이브리드,1~3년,도심,K5_하이브리드
444,1327,5,업무,디젤,3년이상,도심,스포티지_디젤
131,2821,6,레저,디젤,1년미만,도심,셀토스_가솔린
463,2142,3,레저,가솔린,1년미만,지방,코나_가솔린
251,2048,3,레저,전기,3년이상,지방,스포티지_가솔린
184,2811,6,가족용,가솔린,1년미만,도심,스포티지_가솔린
440,1311,2,레저,전기,3년이상,도심,코나_전기
170,3034,3,레저,전기,1~3년,도심,스포티지_가솔린
730,3353,4,가족용,가솔린,3년이상,지방,GV80_가솔린
606,5088,1,업무,전기,3년이상,도심,코나_전기
696,3979,6,레저,상관없음,3년이상,지방,팰리세이드_가솔린
512,5055,6,가족용,전기,1~3년,도심,G80_전기
367,480,5,출퇴근,전기,1~3년,지방,쏘나타_하이브리드
270,5063,5,가족용,상관없음,3년이상,도심,팰리세이드_가솔린
491,2162,3,레저,가솔린,1년미만,도심,코나_가솔린
709,4953,3,업무,가솔린,3년이상,지방,G80_가솔린
701,3865,5,업무,하이브리드,3년이상,지방,그랜저_하이브리드
720,1585,6,업무,가솔린,3년이상,지방,그랜저_가솔린
349,1099,5,가족용,가솔린,1년미만,지방,스포티지_가솔린
348,1168,1,가족용,하이브리드,1~3년,도심,스포티지_하이브리드
695,650,6,가족용,하이브리드,3년이상,도심,팰리세이드_하이브리드
339,1576,3,레저,가솔린,3년이상,도심,산타페_가솔린
610,3349,6,가족용,가솔린,3년이상,도심,GV80_가솔린
357,325,5,출퇴근,가솔린,3년이상,지방,K5_가솔린
820,425,2,업무,하이브리드,3년이상,도심,아반떼_하이브리드
631,3285,5,레저,가솔린,3년이상,도심,GV80_가솔린
404,609,2,업무,전기,1~3년,지방,코나_전기
793,2484,4,출퇴근,하이브리드,3년이상,지방,쏘나타_하이브리드
395,3036,6,업무,상관없음,3년이상,도심,그랜저_가솔린
809,621,1,업무,전기,3년이상,도심,코나_전기
282,4191,1,가족용,디젤,1년미만,도심,스포티지_디젤
320,1195,5,가족용,하이브리드,1년미만,지방,아반떼_하이브리드
517,3999,1,레저,하이브리드,1~3년,도심,산타페_하이브리드
146,2333,4,레저,상관없음,1년미만,지방,셀토스_가솔린
366,2243,4,가족용,하이브리드,1~3년,도심,K5_하이브리드
390,2192,4,레저,하이브리드,3년이상,도심,산타페_하이브리드
349,2450,3,가족용,하이브리드,3년이상,도심,K5_하이브리드
737,4705,1,출퇴근,가솔린,3년이상,도심,G80_가솔린
513,3810,4,가족용,가솔린,3년이상,지방,산타페_가솔린
286,1930,6,가족용,전기,1~3년,도심,EV6_전기
608,1491,5,가족용,전기,1~3년,도심,아이오닉6_전기
716,4058,4,레저,하이브리드,1~3년,도심,산타페_하이브리드
345,423,5,출퇴근,가솔린,3년이상,지방,아반떼_가솔린
657,3383,6,가족용,가솔린,3년이상,지방,GV80_가솔린
442,893,2,가족용,가솔린,3년이상,지방,산타페_가솔린
514,2499,5,업무,하이브리드,1년미만,지방,아반떼_하이브리드
133,3936,2,레저,가솔린,1년미만,도심,셀토스_가솔린
651,3763,2,업무,가솔린,3년이상,도심,G80_가솔린
395,5176,6,가족용,가솔린,3년이상,지방,팰리세이드_가솔린
599,860,4,레저,가솔린,3년이상,지방,산타페_가솔린
514,531,6,업무,하이브리드,1~3년,지방,K8_하이브리드
380,983,1,출퇴근,하이브리드,1~3년,지방,아반떼_하이브리드
410,3086,6,가족용,전기,1년미만,지방,코나_전기
189,2337,6,업무,상관없음,1~3년,도심,K5_가솔린
506,352,5,출퇴근,상관없음,1~3년,지방,K8_하이브리드
201,3024,6,출퇴근,전기,1~3년,도심,EV6_전기
603,4141,4,가족용,가솔린,3년이상,도심,GV80_가솔린
308,871,5,출퇴근,전기,3년이상,지방,K5_가솔린
289,1832,3,레저,하이브리드,1년미만,지방,스포티지_하이브리드
305,3116,6,업무,하이브리드,1~3년,도심,K8_하이브리드
508,2379,6,레저,하이브리드,3년이상,지방,팰리세이드_하이브리드
607,1182,6,레저,가솔린,1~3년,지방,팰리세이드_가솔린
262,2043,4,가족용,전기,3년이상,도심,스포티지_가솔린
659,3241,5,가족용,가솔린,3년이상,지방,GV80_가솔린
818,970,4,출퇴근,가솔린,3년이상,지방,그랜저_가솔린
389,1809,4,출퇴근,하이브리드,3년이상,도심,K5_하이브리드
442,1004,3,레저,하이브리드,3년이상,도심,산타페_하이브리드
606,2435,5,업무,하이브리드,3년이상,도심,그랜저_하이브리드
694,2945,3,출퇴근,하이브리드,1~3년,지방,쏘나타_하이브리드
449,1006,6,업무,상관없음,3년이상,도심,K8_가솔린
254,2000,4,가족용,가솔린,3년이상,지방,스포티지_가솔린
685,4715,6,레저,가솔린,3년이상,도심,GV80_가솔린
194,2300,4,가족용,가솔린,1~3년,지방,K5_가솔린
700,3106,3,업무,가솔린,3년이상,도심,G80_가솔린
307,5077,5,레저,상관없음,3년이상,지방,팰리세이드_가솔린
215,3945,3,레저,전기,1년미만,도심,코나_전기
381,984,3,가족용,전기,3년이상,지방,스포티지_가솔린
460,1594,6,가족용,하이브리드,3년이상,지방,산타페_하이브리드
755,4532,1,출퇴근,가솔린,3년이상,지방,G80_가솔린
399,3019,2,가족용,가솔린,1~3년,지방,산타페_가솔린
269,2662,5,가족용,전기,1~3년,도심,EV6_전기
481,692,6,업무,가솔린,3년이상,지방,K8_가솔린
295,2807,5,출퇴근,전기,1~3년,지방,K8_하이브리드
442,1335,3,업무,전기,3년이상,지방,코나_전기
391,1944,2,출퇴근,하이브리드,3년이상,도심,K5_하이브리드
134,4043,4,레저,상관없음,3년이상,지방,셀토스_가솔린
299,1638,5,레저,디젤,1~3년,지방,스포티지_디젤
351,4132,1,가족용,상관없음,1~3년,지방,산타페_가솔린
448,1909,6,레저,하이브리드,1~3년,도심,팰리세이드_하이브리드
358,2328,6,업무,전기,3년이상,지방,그랜저_가솔린
402,4017,5,업무,하이브리드,3년이상,도심,그랜저_하이브리드
806,3987,3,레저,전기,1~3년,도심,코나_전기
415,1805,6,레저,전기,1~3년,도심,코나_전기
383,3043,6,출퇴근,하이브리드,1~3년,도심,그랜저_하이브리드
398,2149,6,출퇴근,전기,1~3년,도심,아이오닉6_전기
436,4134,6,가족용,전기,3년이상,도심,아이오닉6_전기
368,2664,6,가족용,디젤,1~3년,지방,스포티지_디젤
713,455,2,가족용,하이브리드,1~3년,도심,산타페_하이브리드
269,3130,5,업무,전기,3년이상,지방,K8_가솔린
217,2043,5,가족용,상관없음,1~3년,도심,K5_가솔린
343,558,6,업무,디젤,3년이상,도심,K5_가솔린
645,3673,3,출퇴근,가솔린,3년이상,도심,G80_가솔린
202,5098,5,업무,상관없음,1~3년,지방,그랜저_가솔린
251,1619,5,출퇴근,상관없음,1~3년,도심,K5_가솔린
440,1590,1,레저,가솔린,1~3년,지방,코나_가솔린
615,2421,5,레저,하이브리드,3년이상,도심,팰리세이드_하이브리드
345,3901,4,출퇴근,상관없음,3년이상,도심,쏘나타_하이브리드
628,4977,4,가족용,가솔린,3년이상,지방,GV80_가솔린
720,1047,6,가족용,디젤,3년이상,지방,스포티지_디젤
139,3893,5,출퇴근,전기,3년이상,도심,EV6_전기
315,1854,4,가족용,하이브리드,3년이상,도심,K5_하이브리드
709,1193,5,업무,하이브리드,3년이상,도심,그랜저_하이브리드
602,2433,3,업무,디젤,1년미만,지방,스포티지_디젤
691,5022,6,레저,상관없음,3년이상,지방,팰리세이드_가솔린
394,370,6,업무,가솔린,3년이상,지방,쏘나타_가솔린
370,1830,6,출퇴근,전기,1~3년,도심,아이오닉6_전기
143,3835,5,레저,하이브리드,3년이상,지방,스포티지_하이브리드
130,2612,6,레저,상관없음,1년미만,지방,셀토스_가솔린
520,2045,5,업무,하이브리드,3년이상,지방,그랜저_하이브리드
166,2627,2,가족용,하이브리드,1년미만,지방,아반떼_하이브리드
407,1516,6,출퇴근,가솔린,3년이상,지방,K8_가솔린
366,1949,5,업무,상관없음,3년이상,도심,K8_가솔린
385,1503,2,가족용,하이브리드,3년이상,도심,K5_하이브리드
265,4981,6,레저,하이브리드,3년이상,지방,팰리세이드_하이브리드
311,1832,3,가족용,하이브리드,1년미만,도심,스포티지_하이브리드
292,3082,6,출퇴근,하이브리드,3년이상,도심,K8_하이브리드
780,5155,5,출퇴근,하이브리드,3년이상,지방,그랜저_하이브리드
246,2467,1,출퇴근,디젤,3년이상,지방,스포티지_디젤
340,1152,5,가족용,상관없음,1~3년,도심,스포티지_가솔린
615,1187,5,출퇴근,전기,3년이상,도심,아이오닉6_전기
417,2659,5,업무,하이브리드,1~3년,지방,그랜저_하이브리드
130,5197,3,레저,가솔린,1~3년,지방,셀토스_가솔린
607,4137,5,가족용,가솔린,3년이상,도심,GV80_가솔린
366,2522,6,가족용,가솔린,3년이상,도심,산타페_가솔린
802,2900,5,가족용,하이브리드,3년이상,지방,팰리세이드_하이브리드
134,3040,4,레저,상관없음,3년이상,도심,셀토스_가솔린
185,3138,3,가족용,디젤,3년이상,지방,스포티지_디젤
504,2923,5,업무,가솔린,1~3년,지방,그랜저_가솔린
455,611,6,업무,전기,1~3년,도심,코나_전기
312,2552,6,업무,상관없음,3년이상,도심,K8_하이브리드
195,5157,5,가족용,하이브리드,3년이상,지방,팰리세이드_하이브리드
415,3039,5,레저,상관없음,1년미만,도심,코나_전기
417,1427,6,업무,가솔린,3년이상,지방,K8_가솔린
461,1624,3,레저,전기,3년이상,도심,코나_전기
594,3108,6,업무,하이브리드,1~3년,지방,그랜저_하이브리드
303,5104,4,레저,디젤,3년이상,지방,스포티지_디젤
436,5115,4,가족용,가솔린,3년이상,지방,산타페_가솔린
717,1387,6,가족용,상관없음,1년미만,도심,코나_전기
454,1541,4,업무,상관없음,3년이상,지방,쏘나타_가솔린
213,1519,1,레저,디젤,1~3년,지방,셀토스_가솔린
800,2439,6,레저,가솔린,1~3년,지방,팰리세이드_가솔린
796,1475,6,업무,하이브리드,3년이상,지방,그랜저_하이브리드
335,649,4,업무,상관없음,1~3년,지방,K5_가솔린
495,2621,5,가족용,가솔린,3년이상,도심,팰리세이드_가솔린
600,3304,1,업무,가솔린,3년이상,도심,G80_가솔린
582,1903,2,가족용,하이브리드,3년이상,지방,산타페_하이브리드
720,4017,6,출퇴근,상관없음,1~3년,도심,G80_전기
305,1543,3,가족용,전기,1년미만,도심,EV6_전기
392,970,4,가족용,하이브리드,1년미만,지방,스포티지_하이브리드
261,3953,6,레저,가솔린,3년이상,지방,팰리세이드_가솔린
237,3893,6,출퇴근,상관없음,3년이상,도심,그랜저_가솔린
411,1646,5,업무,하이브리드,1~3년,도심,K8_하이브리드
364,3195,4,출퇴근,전기,1년미만,도심,코나_전기
814,1102,4,출퇴근,가솔린,1년미만,도심,아반떼_가솔린
413,590,4,레저,하이브리드,3년이상,지방,스포티지_하이브리드
132,5175,5,출퇴근,디젤,3년이상,지방,쏘나타_하이브리드
297,1075,5,출퇴근,디젤,3년이상,지방,K5_가솔린
359,3178,2,레저,가솔린,1년미만,도심,코나_가솔린
658,4003,3,업무,가솔린,3년이상,지방,G80_가솔린
242,2453,6,가족용,전기,1~3년,도심,EV6_전기
406,2148,5,출퇴근,하이브리드,1~3년,지방,그랜저_하이브리드
200,2633,3,가족용,상관없음,1~3년,도심,스포티지_가솔린
600,2998,6,업무,가솔린,3년이상,지방,그랜저_가솔린
797,3457,3,업무,가솔린,3년이상,지방,G80_가솔린
469,1373,6,레저,상관없음,1~3년,도심,팰리세이드_가솔린
715,4982,6,가족용,하이브리드,3년이상,도심,팰리세이드_하이브리드
788,1305,1,출퇴근,하이브리드,3년이상,지방,아반떼_하이브리드
139,5134,1,업무,상관없음,1년미만,도심,코나_전기
311,2870,5,레저,하이브리드,1년미만,도심,산타페_하이브리드
366,2563,6,출퇴근,하이브리드,1~3년,도심,그랜저_하이브리드
809,4918,2,레저,상관없음,1~3년,지방,코나_가솔린
197,2996,2,가족용,가솔린,3년이상,도심,스포티지_가솔린
335,867,5,업무,전기,1~3년,도심,쏘나타_가솔린
214,5146,6,출퇴근,상관없음,1~3년,도심,그랜저_가솔린
612,1005,3,출퇴근,하이브리드,1~3년,지방,쏘나타_하이브리드
352,1411,4,가족용,상관없음,1~3년,도심,스포티지_가솔린
218,1960,5,가족용,하이브리드,1~3년,도심,아반떼_하이브리드
332,2340,3,가족용,하이브리드,3년이상,도심,K5_하이브리드
363,1857,4,가족용,하이브리드,3년이상,도심,K5_하이브리드
209,5033,3,출퇴근,하이브리드,1~3년,지방,쏘나타_하이브리드
220,3879,3,출퇴근,상관없음,1~3년,도심,쏘나타_하이브리드
781,2564,5,업무,상관없음,3년이상,도심,G80_전기
296,1178,3,가족용,가솔린,1~3년,도심,K5_가솔린
798,4910,6,출퇴근,전기,3년이상,지방,G80_전기
464,806,6,업무,상관없음,1~3년,도심,K8_가솔린
493,1830,5,출퇴근,가솔린,3년이상,도심,그랜저_가솔린
348,1070,6,가족용,하이브리드,1~3년,지방,스포티지_하이브리드
180,3123,1,가족용,하이브리드,1~3년,도심,스포티지_하이브리드
657,3220,5,레저,가솔린,3년이상,지방,GV80_가솔린
609,4407,5,가족용,가솔린,3년이상,도심,GV80_가솔린
319,1962,6,가족용,하이브리드,1년미만,지방,스포티지_하이브리드
232,2582,3,출퇴근,하이브리드,3년이상,도심,쏘나타_하이브리드
367,1375,4,가족용,상관없음,1~3년,지방,산타페_가솔린
369,1991,3,출퇴근,하이브리드,1~3년,도심,K5_하이브리드
414,5153,4,출퇴근,가솔린,3년이상,지방,그랜저_가솔린
265,895,3,레저,상관없음,3년이상,지방,셀토스_가솔린
608,4364,2,업무,가솔린,3년이상,도심,G80_가솔린
293,2904,6,업무,상관없음,3년이상,도심,K8_가솔린
707,5048,5,출퇴근,하이브리드,1~3년,도심,그랜저_하이브리드
455,1003,5,출퇴근,하이브리드,1~3년,지방,K8_하이브리드
481,866,6,가족용,하이브리드,3년이상,지방,산타페_하이브리드
365,2073,5,업무,상관없음,1~3년,지방,K8_가솔린
814,1399,1,레저,하이브리드,1~3년,지방,산타페_하이브리드
132,2966,4,업무,상관없음,1~3년,지방,아반떼_가솔린
694,407,5,가족용,하이브리드,3년이상,지방,팰리세이드_하이브리드
647,3166,2,출퇴근,가솔린,3년이상,도심,G80_가솔린
199,2824,5,업무,전기,1년미만,지방,EV6_전기
293,2098,5,가족용,가솔린,1~3년,지방,스포티지_가솔린
613,4921,6,출퇴근,하이브리드,3년이상,지방,그랜저_하이브리드
808,404,3,레저,전기,1~3년,지방,코나_전기
495,998,2,가족용,하이브리드,1~3년,지방,산타페_하이브리드
384,3897,5,업무,상관없음,1년미만,지방,아반떼_가솔린
702,2365,6,업무,가솔린,3년이상,지방,그랜저_가솔린
447,4832,5,가족용,전기,3년이상,지방,G80_전기
235,3092,6,출퇴근,전기,1~3년,도심,아이오닉6_전기
467,4014,4,레저,가솔린,3년이상,도심,산타페_가솔린
493,3110,2,가족용,전기,3년이상,지방,코나_전기
811,4819,2,가족용,디젤,1년미만,지방,스포티지_디젤
697,671,6,가족용,하이브리드,3년이상,지방,팰리세이드_하이브리드
590,959,6,업무,하이브리드,3년이상,도심,그랜저_하이브리드
790,4594,3,출퇴근,가솔린,3년이상,도심,G80_가솔린
153,4910,4,가족용,하이브리드,1~3년,도심,산타페_하이브리드
399,1582,2,가족용,하이브리드,3년이상,도심,K5_하이브리드
238,1835,6,출퇴근,디젤,1~3년,지방,K5_가솔린
379,2298,2,출퇴근,하이브리드,3년이상,도심,K5_하이브리드
587,4934,6,출퇴근,가솔린,1~3년,지방,그랜저_가솔린
497,1024,5,업무,전기,1~3년,지방,그랜저_가솔린
311,1645,3,레저,가솔린,1~3년,지방,스포티지_가솔린
697,4245,3,업무,가솔린,3년이상,도심,G80_가솔린
346,1636,3,가족용,하이브리드,3년이상,도심,스포티지_하이브리드
519,885,5,업무,상관없음,1~3년,지방,그랜저_가솔린
291,3154,5,출퇴근,하이브리드,1~3년,지방,K8_하이브리드
303,1812,5,가족용,전기,1~3년,도심,EV6_전기
438,2544,2,출퇴근,전기,3년이상,지방,아반떼_가솔린
587,898,5,출퇴근,상관없음,3년이상,도심,그랜저_가솔린
137,4917,5,가족용,전기,3년이상,지방,아이오닉6_전기
394,3065,3,출퇴근,전기,1년미만,지방,아반떼_가솔린
268,1407,3,업무,전기,3년이상,도심,K5_가솔린
186,3807,5,출퇴근,전기,1~3년,도심,아이오닉6_전기
267,1391,6,업무,디젤,1~3년,지방,K5_가솔린
331,1498,6,레저,가솔린,3년이상,도심,스포티지_가솔린
154,5175,4,레저,디젤,1~3년,지방,스포티지_디젤
211,3868,6,출퇴근,가솔린,1~3년,도심,K8_가솔린
380,3187,5,레저,가솔린,3년이상,도심,팰리세이드_가솔린
433,2065,5,가족용,가솔린,3년이상,지방,팰리세이드_가솔린
717,3857,4,레저,하이브리드,3년이상,도심,산타페_하이브리드
344,1553,3,가족용,하이브리드,1~3년,도심,K5_하이브리드
799,3096,5,업무,하이브리드,3년이상,지방,그랜저_하이브리드
389,1107,6,업무,하이브리드,1~3년,도심,쏘나타_하이브리드
715,1930,3,출퇴근,전기,3년이상,도심,G80_전기
301,1791,4,출퇴근,하이브리드,3년이상,도심,K5_하이브리드
463,833,6,출퇴근,가솔린,1~3년,도심,K8_가솔린
596,4834,6,레저,상관없음,1~3년,도심,팰리세이드_가솔린
267,2387,6,가족용,하이브리드,3년이상,지방,스포티지_하이브리드
199,2958,5,출퇴근,전기,3년이상,도심,EV6_전기
281,1422,2,업무,가솔린,3년이상,도심,아반떼_가솔린
446,3818,6,레저,하이브리드,3년이상,지방,팰리세이드_하이브리드
467,1042,4,업무,상관없음,3년이상,도심,쏘나타_가솔린
402,5046,5,출퇴근,상관없음,1년미만,지방,아반떼_가솔린
414,3851,4,레저,하이브리드,1~3년,도심,산타페_하이브리드
360,1664,6,출퇴근,전기,3년이상,도심,아이오닉6_전기
808,2474,2,레저,하이브리드,1년미만,지방,아반떼_하이브리드
414,1409,6,업무,가솔린,3년이상,지방,K8_가솔린
433,3021,4,가족용,가솔린,3년이상,지방,산타페_가솔린
369,927,2,가족용,하이브리드,3년이상,지방,스포티지_하이브리드
611,1466,4,업무,하이브리드,1년미만,도심,아반떼_하이브리드
220,1442,1,가족용,가솔린,3년이상,도심,아반떼_가솔린
644,3484,3,업무,가솔린,3년이상,지방,G80_가솔린
131,3952,4,레저,상관없음,3년이상,지방,셀토스_가솔린
701,5147,4,가족용,가솔린,1년미만,도심,산타페_가솔린
817,2384,5,업무,상관없음,3년이상,도심,G80_전기
815,3921,5,가족용,가솔린,1~3년,지방,산타페_가솔린
416,5127,3,출퇴근,하이브리드,1년미만,도심,아반떼_하이브리드
209,3833,5,출퇴근,상관없음,3년이상,지방,K8_하이브리드
263,4805,3,업무,하이브리드,1년미만,지방,아반떼_하이브리드
339,609,5,업무,디젤,1~3년,지방,K5_가솔린
270,2614,5,출퇴근,상관없음,3년이상,도심,쏘나타_하이브리드
399,3866,5,출퇴근,전기,3년이상,지방,그랜저_가솔린
799,1979,3,출퇴근,전기,1~3년,지방,G80_전기
750,3760,3,업무,가솔린,3년이상,지방,G80_가솔린
132,2546,3,레저,상관없음,1~3년,도심,셀토스_가솔린
300,2936,5,업무,전기,1년미만,도심,코나_전기
792,630,6,레저,하이브리드,1~3년,지방,팰리세이드_하이브리드
181,4989,4,레저,하이브리드,1~3년,도심,산타페_하이브리드
458,880,6,업무,가솔린,3년이상,지방,K8_가솔린
718,3839,6,레저,하이브리드,1~3년,도심,팰리세이드_하이브리드
712,2112,5,가족용,상관없음,3년이상,도심,G80_전기
493,2823,6,레저,하이브리드,3년이상,도심,팰리세이드_하이브리드
381,2515,5,가족용,전기,3년이상,도심,아이오닉6_전기
388,2382,6,업무,상관없음,3년이상,지방,그랜저_가솔린
706,861,3,가족용,가솔린,3년이상,도심,산타페_가솔린
346,1304,6,가족용,전기,1~3년,도심,EV6_전기
284,3831,6,업무,상관없음,3년이상,도심,그랜저_가솔린
680,564,5,출퇴근,가솔린,1~3년,도심,그랜저_가솔린
381,1354,5,출퇴근,전기,3년이상,도심,아이오닉6_전기
460,2640,3,업무,상관없음,1~3년,지방,쏘나타_가솔린
400,1550,5,업무,가솔린,1~3년,지방,K8_가솔린
713,4103,6,레저,가솔린,3년이상,도심,GV80_가솔린
243,2391,6,가족용,하이브리드,3년이상,지방,스포티지_하이브리드
259,3012,6,업무,상관없음,3년이상,도심,쏘나타_가솔린
395,2653,6,레저,하이브리드,3년이상,지방,팰리세이드_하이브리드
511,300,5,출퇴근,가솔린,1~3년,도심,K8_가솔린
514,1405,6,레저,상관없음,3년이상,도심,팰리세이드_가솔린
412,1504,6,출퇴근,하이브리드,1~3년,도심,K8_하이브리드
693,1564,5,출퇴근,상관없음,3년이상,도심,G80_전기
438,1038,6,출퇴근,전기,1~3년,지방,K8_하이브리드
346,1369,2,레저,하이브리드,1~3년,도심,스포티지_하이브리드
717,5115,3,가족용,전기,1년미만,도심,코나_전기
496,5195,3,가족용,전기,3년이상,도심,G80_전기
252,3028,4,업무,상관없음,1~3년,지방,쏘나타_가솔린
137,5047,6,가족용,상관없음,3년이상,도심,아이오닉6_전기
170,4175,2,출퇴근,상관없음,1~3년,도심,아반떼_가솔린
784,4635,3,출퇴근,가솔린,3년이상,지방,G80_가솔린
139,4817,2,출퇴근,하이브리드,3년이상,지방,아반떼_하이브리드
357,994,6,가족용,가솔린,1~3년,지방,스포티지_가솔린
206,4058,2,업무,하이브리드,1년미만,지방,아반떼_하이브리드
719,4607,1,업무,가솔린,3년이상,도심,G80_가솔린
354,1334,2,가족용,하이브리드,3년이상,도심,스포티지_하이브리드
134,3850,6,레저,가솔린,1~3년,지방,셀토스_가솔린
794,401,6,가족용,상관없음,3년이상,도심,G80_전기
255,2624,2,가족용,전기,1년미만,도심,코나_전기
408,5176,2,가족용,하이브리드,3년이상,지방,산타페_하이브리드
370,1021,5,가족용,전기,3년이상,도심,EV6_전기
314,1670,5,업무,하이브리드,1~3년,지방,쏘나타_하이브리드
365,2366,2,가족용,가솔린,1~3년,지방,산타페_가솔린
796,3882,4,레저,하이브리드,1~3년,도심,산타페_하이브리드
501,338,5,출퇴근,가솔린,1~3년,도심,K8_가솔린
413,4062,1,레저,하이브리드,1~3년,지방,산타페_하이브리드
399,1595,4,출퇴근,상관없음,3년이상,도심,쏘나타_하이브리드
192,4179,6,업무,하이브리드,1~3년,도심,K8_하이브리드
610,3706,4,가족용,가솔린,3년이상,도심,GV80_가솔린
783,4971,6,업무,상관없음,3년이상,지방,그랜저_가솔린
402,1516,6,출퇴근,상관없음,3년이상,도심,K8_하이브리드
310,2946,5,레저,가솔린,1~3년,지방,산타페_가솔린
414,3860,5,출퇴근,전기,3년이상,도심,아이오닉6_전기
617,1031,5,레저,상관없음,1년미만,지방,코나_가솔린
361,2393,6,출퇴근,전기,1~3년,도심,아이오닉6_전기
310,4115,5,레저,상관없음,1~3년,지방,팰리세이드_가솔린
789,4115,6,업무,하이브리드,1년미만,도심,아반떼_하이브리드
466,1675,1,레저,가솔린,3년이상,도심,코나_가솔린
163,3063,5,업무,디젤,1년미만,지방,스포티지_디젤
365,1022,3,레저,하이브리드,1~3년,도심,스포티지_하이브리드
436,3142,5,가족용,전기,3년이상,도심,아이오닉6_전기
793,1306,3,레저,가솔린,3년이상,지방,산타페_가솔린
420,4943,5,가족용,상관없음,1~3년,도심,G80_전기
716,4100,5,레저,상관없음,1년미만,지방,코나_가솔린
299,565,3,업무,하이브리드,3년이상,지방,아반떼_하이브리드
